Operator Name,Liquid Recovery (Barrels),Net Loss (Barrels)
ONEOK NGL PIPELINE LP,0,21
PORTLAND PIPELINE CORP,0.12,0
"PETROLOGISTICS OLEFINS, LLC",0,2
"ENBRIDGE ENERGY, LIMITED PARTNERSHIP",0.48,0
"PLAINS PIPELINE, L.P.",698,2
"ENBRIDGE ENERGY, LIMITED PARTNERSHIP",1547,2237
"KINDER MORGAN LIQUID TERMINALS, LLC",30,5
MOBIL CORP,0,0.24
"KINDER MORGAN LIQUID TERMINALS, LLC",0.4,0
CONOCOPHILLIPS,0.48,0
TARGA RESOURCES OPERATING LP,0,2237
"NUSTAR LOGISTICS, L.P.",3,0
JAYHAWK PIPELINE LLC,1,1
CONOCOPHILLIPS,51,2
"PLAINS MARKETING, L.P.",21,0
"CCPS TRANSPORTATION, LLC",0.19,0
"MAGELLAN AMMONIA PIPELINE, L.P.",0,445
"SHELL PIPELINE CO., L.P.",0,3.49
"KINDER MORGAN LIQUID TERMINALS, LLC",6,0
"KOCH PIPELINE COMPANY, L.P.",0,0.48
KIANTONE PIPELINE CORP,0.2,0.04
PACIFIC PIPELINE SYSTEM LLC,1,0
JAYHAWK PIPELINE LLC,2,3
"TE PRODUCTS PIPELINE COMPANY, LLC",0,2
"MAGELLAN PIPELINE COMPANY, LP",0.9,0.89
EXPLORER PIPELINE CO,2,1
PACIFIC PIPELINE SYSTEM LLC,2,0
PLANTATION PIPE LINE CO,6.76,0
PLANTATION PIPE LINE CO,0.71,0
NUSTAR PIPELINE OPERATING PARTNERSHIP L.P.,1.2,0
"TE PRODUCTS PIPELINE COMPANY, LLC",0,1
LOOP INC,202,0
"SHELL PIPELINE CO., L.P.",0,0.6
BELLE FOURCHE PIPELINE CO,13,7
SEMGROUP LP,10,5
WEST SHORE PIPELINE CO,0.19,0.05
"MAGELLAN PIPELINE COMPANY, LP",1.67,1.33
"SHELL PIPELINE CO., L.P.",0,5
PLANTATION PIPE LINE CO,0.64,0
"BUCKEYE PARTNERS, LP",0.71,0
"MAGELLAN PIPELINE COMPANY, LP",0.12,0
"MAGELLAN PIPELINE COMPANY, LP",0.12,0
"BUCKEYE PARTNERS, LP",0.95,0
SUNOCO PIPELINE L.P.,6,2
"PLAINS PIPELINE, L.P.",9,0
LDH ENERGY PIPELINE L.P.,0,1
CONOCOPHILLIPS,0,0.71
ONEOK NGL PIPELINE LP,0,28
ONEOK NGL PIPELINE LP,0,13718
COLONIAL PIPELINE CO,0.55,0
MID - VALLEY PIPELINE CO,196,2
ENBRIDGE PIPELINES (NORTH DAKOTA) LLC,3,0
"CHAPARRAL ENERGY, LLC",0,2.99
ENTERPRISE PRODUCTS OPERATING LLC,0,0.5
COLONIAL PIPELINE CO,7.08,0.8
EXXONMOBIL PIPELINE CO,0,0.31
SINCLAIR TRANSPORTATION COMPANY,83,1
"MAGELLAN PIPELINE COMPANY, LP",75,93
SUNOCO PIPELINE L.P.,0.5,0.5
SUNOCO PIPELINE L.P.,0.05,0.95
"ENBRIDGE ENERGY, LIMITED PARTNERSHIP",0.75,0
"MAGELLAN PIPELINE COMPANY, LP",45,70
SUNOCO PIPELINE L.P.,0,0.12
"TEPPCO CRUDE PIPELINE, LLC",2,0
SUNOCO PIPELINE L.P.,0,0.6
"SFPP, LP",5.12,42.88
ENBRIDGE PIPELINES (OZARK) L.L.C.,7,0
PACIFIC PIPELINE SYSTEM LLC,240,0
BP PIPELINE (NORTH AMERICA) INC.,90,0
BP PIPELINE (NORTH AMERICA) INC.,0.47,0
COLONIAL PIPELINE CO,1.35,0
CONOCOPHILLIPS,0.24,0
ENBRIDGE PIPELINES (OZARK) L.L.C.,0.25,0
PLANTATION PIPE LINE CO,0.47,0
"SUNOCO, INC (R&M)",1699,1
"WHITECAP PIPE LINE COMPANY, L.L.C.",0,5.7
CONOCOPHILLIPS,0.6,0.11
PROGRESS ENERGY,191,95
CONOCOPHILLIPS,0.6,0
"BUCKEYE PARTNERS, LP",40,0
ENTERPRISE PRODUCTS OPERATING LLC,0,656
COLONIAL PIPELINE CO,1.2,0
KINDER MORGAN PIPELINES (USA) INC,20,0
"MAGELLAN PIPELINE COMPANY, LP",0.12,0
"BRIDGER LAKE, LLC",0,0
SUNOCO PIPELINE L.P.,3,0
CHEVRON PIPE LINE CO,185,215
CHEVRON PRODUCTS COMPANY,4,0
"MAGELLAN PIPELINE COMPANY, LP",0.71,0
CONOCOPHILLIPS,0.07,0.17
"PLAINS PIPELINE, L.P.",0.36,0
SUNOCO PIPELINE L.P.,0,0.02
PLANTATION PIPE LINE CO,4.76,0
"TE PRODUCTS PIPELINE COMPANY, LLC",0.01,0
EXPLORER PIPELINE CO,0.1,0
EXXONMOBIL PIPELINE CO,0.84,0
VALERO TERMINALING AND DISTRIBUTION COMPANY,15,0
"TE PRODUCTS PIPELINE COMPANY, LLC",0.98,0
"KOCH PIPELINE COMPANY, L.P.",0,0.12
"ENBRIDGE ENERGY, LIMITED PARTNERSHIP",4,1
"MAGELLAN PIPELINE COMPANY, LP",25,0
ENTERPRISE PRODUCTS OPERATING LLC,10,1659
MARATHON PIPE LINE LLC,13,0
MARATHON PIPE LINE LLC,79,12
"MAGELLAN PIPELINE COMPANY, LP",0.25,0.75
CHEVRON PIPE LINE CO,21,1
"MAGELLAN AMMONIA PIPELINE, L.P.",0,2
COLONIAL PIPELINE CO,3,0
HOUSTON REFINING LP.,0.15,0.1
"SHELL PIPELINE CO., L.P.",0,0.6
"MAGELLAN AMMONIA PIPELINE, L.P.",0,0.36
ONEOK NGL PIPELINE LP,0,770
"BUCKEYE PARTNERS, LP",0.71,0
"TE PRODUCTS PIPELINE COMPANY, LLC",0.95,0.05
EXXONMOBIL OIL CORP - WEST COAST,2,0
CALNEV PIPELINE CO,5.75,0
TESORO - HIGH PLAINS PIPELINE COMPANY,40,0
"TEPPCO CRUDE PIPELINE, LLC",0.48,1.52
KINDER MORGAN CO2 CO. LP,0,0.53
"PLAINS PIPELINE, L.P.",9,0
"SHELL PIPELINE CO., L.P.",125,0
CONOCOPHILLIPS,2,1
"TEPPCO CRUDE PIPELINE, LLC",12,1
"TEPPCO CRUDE PIPELINE, LLC",69.5,0.5
SUNOCO PIPELINE L.P.,0,1
COLONIAL PIPELINE CO,0.02,0.36
CHEVRON PIPE LINE CO,0,4.1
"BUCKEYE PARTNERS, LP",1,0
SEMGROUP LP,0,0.12
MARATHON PIPE LINE LLC,10,0
TC OIL PIPELINE OPERATIONS INC,0,0.11
"PLAINS PIPELINE, L.P.",4,0
"MAGELLAN TERMINALS HOLDINGS, LP",4.5,0
ALYESKA PIPELINE SERVICE CO,1461,1119
"ROCKY MOUNTAIN PIPELINE SYSTEM, LLC",0.6,4.1
"PETROLOGISTICS OLEFINS, LLC",0,1.31
CONOCOPHILLIPS,5,5
SUNOCO PIPELINE L.P.,0,0.36
JAYHAWK PIPELINE LLC,0,1
COLONIAL PIPELINE CO,0.83,0
AMOCO OIL CO,1001,1120
HOUSTON REFINING LP.,1.75,0.25
"PLAINS PIPELINE, L.P.",85,0
COLONIAL PIPELINE CO,1.29,0
CHEVRON PIPE LINE CO,500,8
ENTERPRISE PRODUCTS OPERATING LLC,0,1
CONOCOPHILLIPS,0,4618
ONEOK NGL PIPELINE LP,0,11
"KOCH PIPELINE COMPANY, L.P.",0,1.9
CITGO PRODUCTS PIPELINE CO,2,0
ENBRIDGE PIPELINES (NORTH DAKOTA) LLC,1,0
MARATHON PIPE LINE LLC,0.1,0
"SHELL PIPELINE CO., L.P.",0,10.7
"ENBRIDGE ENERGY, LIMITED PARTNERSHIP",1,0
CONOCOPHILLIPS,2.99,0.01
COLONIAL PIPELINE CO,1.31,9.52
SUNOCO PIPELINE L.P.,0,3
SUNOCO PIPELINE L.P.,0,0.5
BELLE FOURCHE PIPELINE CO,0.24,0.12
MOBIL CORP,2.11,0
CHEVRON PIPE LINE CO,778,22
CONOCOPHILLIPS,4,2
"TEPPCO CRUDE PIPELINE, LLC",0.12,0.88
SUNCOR ENERGY (USA) PIPELINE CO.,25,5
NUSTAR PIPELINE OPERATING PARTNERSHIP L.P.,0,0.19
SUNOCO PIPELINE L.P.,0,0.14
TC OIL PIPELINE OPERATIONS INC,2.38,0
"SHELL PIPELINE CO., L.P.",0,0.24
MARATHON PIPE LINE LLC,4.47,0
WEST TEXAS GULF PIPELINE CO,0,2
EXPLORER PIPELINE CO,3,0
"MAGELLAN PIPELINE COMPANY, LP",148,36.14
"MAGELLAN AMMONIA PIPELINE, L.P.",0,2
"ENBRIDGE ENERGY, LIMITED PARTNERSHIP",10,0
MARATHON PIPE LINE LLC,0,0.52
SUNOCO PIPELINE L.P.,0.6,0.4
DIXIE PIPELINE,0,3104
OXY USA INC,9,0
"WHITE CLIFFS PIPELINE, LLC",3,0.5
EXXONMOBIL PIPELINE CO,0,1.5
ENTERPRISE PRODUCTS OPERATING LLC,0,7.52
SUNOCO PIPELINE L.P.,0,6
EXXONMOBIL PIPELINE CO,0.48,0
PLANTATION PIPE LINE CO,0.36,0
ONEOK NGL PIPELINE LP,0,1.5
"KOCH PIPELINE COMPANY, L.P.",0,33.8
MARATHON PIPE LINE LLC,0.29,0
ONEOK NGL PIPELINE LP,0,30
ONEOK NGL PIPELINE LP,0,1.11
MARATHON PIPE LINE LLC,0.6,0
"KINDER MORGAN LIQUID TERMINALS, LLC",7,0
"SFPP, LP",0.94,0
ONEOK NGL PIPELINE LP,0,3.2
"MAGELLAN AMMONIA PIPELINE, L.P.",0,0.36
"ENBRIDGE ENERGY, LIMITED PARTNERSHIP",18245,1837
CITGO PIPELINE CO,9.4,0.6
EXPLORER PIPELINE CO,197,0
"ENBRIDGE ENERGY, LIMITED PARTNERSHIP",0.23,0
CENEX PIPELINE LLC,0.27,0.03
"ENBRIDGE ENERGY, LIMITED PARTNERSHIP",155,0
SEMGROUP LP,12,8
SUNOCO PIPELINE L.P.,0.5,2.5
"ROCKY MOUNTAIN PIPELINE SYSTEM, LLC",0.16,0
WEST TEXAS GULF PIPELINE CO,0.12,0
"SUNOCO, INC (R&M)",0.78,0
MID - VALLEY PIPELINE CO,0,1
"TEPPCO CRUDE PIPELINE, LLC",4,0.5
"MAGELLAN PIPELINE COMPANY, LP",320,0
KINDER MORGAN CO2 CO. LP,0,0.37
"PLAINS PIPELINE, L.P.",3,0
"KINDER MORGAN LIQUID TERMINALS, LLC",0.38,0
BP PIPELINE (NORTH AMERICA) INC.,0,3
"BUCKEYE PARTNERS, LP",0.23,0
AMOCO OIL CO,799,121
"PLAINS PIPELINE, L.P.",1,0
ONEOK NGL PIPELINE LP,0,2
TC OIL PIPELINE OPERATIONS INC,0.24,0
NUSTAR TERMINALS OPERATIONS PARTNERSHIP L. P.,0.6,0
"MAGELLAN TERMINALS HOLDINGS, LP",14,0
ENBRIDGE PIPELINES (NORTH DAKOTA) LLC,0.38,0
SUNOCO PIPELINE L.P.,2,98
EXPLORER PIPELINE CO,0.6,0
ENBRIDGE PIPELINES (OZARK) L.L.C.,1.43,0
LDH ENERGY MONT BELVIEU L.P.,0,6
"KINDER MORGAN ENERGY PARTNERS, L.P.",0,1
CHEVRON PIPE LINE CO,0,0.02
CONOCOPHILLIPS,0,10
ENTERPRISE PRODUCTS OPERATING LLC,0,3283
EXXONMOBIL PIPELINE CO,0.48,0
CHEVRON PIPE LINE CO,0,4.46
"NUSTAR LOGISTICS, L.P.",0,3
JAYHAWK PIPELINE LLC,0,2
"MAGELLAN AMMONIA PIPELINE, L.P.",0,0.71
EXXONMOBIL PIPELINE CO,0,0
CENEX PIPELINE LLC,0,3.6
ALYESKA PIPELINE SERVICE CO,0.12,0
NUSTAR PIPELINE OPERATING PARTNERSHIP L.P.,0.5,0
DIXIE PIPELINE,0,382
ONEOK NGL PIPELINE LP,0,0.85
ONEOK NGL PIPELINE LP,0,0.85
MOBIL CORP,0.37,0
"ENBRIDGE ENERGY, LIMITED PARTNERSHIP",7538,0
"ENBRIDGE ENERGY, LIMITED PARTNERSHIP",0.24,0
ENBRIDGE PIPELINES (OZARK) L.L.C.,0.24,0
"PLAINS MARKETING, L.P.",161,0
EXPLORER PIPELINE CO,189,0
SUNOCO PIPELINE L.P.,0,0.5
ENTERPRISE PRODUCTS OPERATING LLC,0,1.7
"MAGELLAN PIPELINE COMPANY, LP",0.83,0
"BUCKEYE PARTNERS, LP",0.71,0
CHEVRON PIPE LINE CO,0,87
ENTERPRISE PRODUCTS OPERATING LLC,0,200
WEST TEXAS GULF PIPELINE CO,0,2
"ENBRIDGE ENERGY, LIMITED PARTNERSHIP",0.24,0
SUNOCO PIPELINE L.P.,1,1
SUNOCO PIPELINE L.P.,0.83,0.17
SUNOCO PIPELINE L.P.,0.24,0
SUNOCO PIPELINE L.P.,0,1
ENTERPRISE PRODUCTS OPERATING LLC,0,1
SUNOCO PIPELINE L.P.,1,0
ENTERPRISE PRODUCTS OPERATING LLC,80,20
CENTURION PIPELINE L.P.,9950,250
"KINDER MORGAN LIQUID TERMINALS, LLC",2,0
HARBOR PIPELINE CO,0,0
KINDER MORGAN CO2 CO. LP,0,299
CHEVRON PIPE LINE CO,0,6.2
ENTERPRISE CRUDE PIPELINE LLC,0.48,0
ENTERPRISE CRUDE PIPELINE LLC,2,8
MARATHON PIPE LINE LLC,0.83,0
ONEOK NGL PIPELINE LP,0,241
"MAGELLAN PIPELINE COMPANY, LP",0.12,0
COLONIAL PIPELINE CO,3.57,0
COLONIAL PIPELINE CO,3.36,0
"SFPP, LP",2.5,0
"PLAINS PIPELINE, L.P.",0.5,0
ONEOK NGL PIPELINE LP,0,3.53
ENTERPRISE CRUDE PIPELINE LLC,10,10
"KINDER MORGAN LIQUID TERMINALS, LLC",1,0
COLONIAL PIPELINE CO,0.36,0.12
SEMGROUP LP,90,5
"SHELL PIPELINE CO., L.P.",12,5
ENTERPRISE CRUDE PIPELINE LLC,0,2
"ENBRIDGE ENERGY, LIMITED PARTNERSHIP",0.36,0
BP WEST COAST PRODUCTS L.L.C.,41,79
"MAGELLAN PIPELINE COMPANY, LP",48,0
SUNOCO PIPELINE L.P.,0,0.48
ENTERPRISE CRUDE PIPELINE LLC,10,5
JAYHAWK PIPELINE LLC,2,0
"MAGELLAN AMMONIA PIPELINE, L.P.",0,8.62
SUNOCO PIPELINE L.P.,10,5
ENTERPRISE CRUDE PIPELINE LLC,0,0.71
ENTERPRISE PRODUCTS OPERATING LLC,0,25
"SHELL PIPELINE CO., L.P.",495,535
COLONIAL PIPELINE CO,0.24,0
SUNOCO PIPELINE L.P.,0,100
"KINDER MORGAN LIQUID TERMINALS, LLC",2,2
JAYHAWK PIPELINE LLC,0.19,0.16
ENTERPRISE CRUDE PIPELINE LLC,8,2
CHEVRON PIPE LINE CO,0.76,0
KINDER MORGAN PIPELINES (USA) INC,90,0
DIXIE PIPELINE,0,3
COLONIAL PIPELINE CO,1.48,0
CHEVRON PIPE LINE CO,0.54,0
NUSTAR PIPELINE OPERATING PARTNERSHIP L.P.,0,2.3
COLONIAL PIPELINE CO,0.43,0
BP WEST COAST PRODUCTS L.L.C.,0.24,0
KINDER MORGAN CO2 CO. LP,0,26
"MAGELLAN PIPELINE COMPANY, LP",0.24,0
ENTERPRISE PRODUCTS OPERATING LLC,10,0
"ENBRIDGE ENERGY, LIMITED PARTNERSHIP",0.24,0
ONEOK NGL PIPELINE LP,0,83
CHEVRON PIPE LINE CO,250,250
"BUCKEYE PARTNERS, LP",10.3,489.7
CONOCOPHILLIPS,0.83,0
SUNOCO PIPELINE L.P.,30,45
"PLAINS PIPELINE, L.P.",6,0
NUSTAR PIPELINE OPERATING PARTNERSHIP L.P.,0,0.98
"MAGELLAN PIPELINE COMPANY, LP",0.6,0
"MAGELLAN PIPELINE COMPANY, LP",0.19,0
COLONIAL PIPELINE CO,1,0.17
"BUCKEYE PARTNERS, LP",3.78,0
UNOCAL PIPELINE CO - EASTERN REGION,3,0
ENTERPRISE PRODUCTS OPERATING LLC,0,1
"MAGELLAN PIPELINE COMPANY, LP",1,0.42
AMOCO OIL CO,0.23,0
EXPLORER PIPELINE CO,2,0
ONEOK NGL PIPELINE LP,0,286
ONEOK NGL PIPELINE LP,0,3415
"COFFEYVILLE RESOURCES CRUDE TRANSPORTATION, LLC",195,4
ENTERPRISE PRODUCTS OPERATING LLC,0,4544
"BUCKEYE PARTNERS, LP",29,0
NUSTAR PIPELINE OPERATING PARTNERSHIP L.P.,0.12,0.36
JAYHAWK PIPELINE LLC,0.19,0.05
"KOCH PIPELINE COMPANY, L.P.",0,0.24
WEST SHORE PIPELINE CO,1760,0
"ROADRUNNER PIPELINE, L.L.C.",0,1
CONOCOPHILLIPS,0,0.5
PLANTATION PIPE LINE CO,0.36,0
MID - VALLEY PIPELINE CO,58,17
NUSTAR TERMINALS OPERATIONS PARTNERSHIP L. P.,27.29,0
EXXONMOBIL PIPELINE CO,0.67,0
"DENBURY ONSHORE, LLC",0,0.29
NUSTAR PIPELINE OPERATING PARTNERSHIP L.P.,1.78,0
ONEOK NGL PIPELINE LP,0,7
"OILTANKING, HOUSTON LP",0,0.48
BP WEST COAST PRODUCTS L.L.C.,2,28
"MAGELLAN AMMONIA PIPELINE, L.P.",0,8.57
"MID-CONTINENT FRACTIONATION AND STORAGE, L.L.C.",0,4.5
"PLAINS PIPELINE, L.P.",125,0
MUSTANG PIPE LINE PARTNERS,5,0
ONEOK NGL PIPELINE LP,0,20
SUNOCO PIPELINE L.P.,0,0.5
CONOCOPHILLIPS,3,2
BELLE FOURCHE PIPELINE CO,20,10
EXXONMOBIL PIPELINE CO,0,1.7
ENTERPRISE CRUDE PIPELINE LLC,0,1
"KINDER MORGAN LIQUID TERMINALS, LLC",0,0.71
ALYESKA PIPELINE SERVICE CO,308,0
COLONIAL PIPELINE CO,8.62,0
"BUCKEYE DEVELOPMENT & LOGISTICS, LLC",0,0.02
ONEOK NGL PIPELINE LP,0,406
ENTERPRISE PRODUCTS OPERATING LLC,0,0.14
"PETROLOGISTICS OLEFINS, LLC",0,5
"MAGELLAN TERMINALS HOLDINGS, LP",2,0
ONEOK NGL PIPELINE LP,0,0.95
COLONIAL PIPELINE CO,0,0.4
"BUCKEYE PARTNERS, LP",0.95,0
EXXONMOBIL PIPELINE CO,0.2,0
"DENBURY ONSHORE, LLC",0,1
COLONIAL PIPELINE CO,0.52,0
"BUCKEYE PARTNERS, LP",544,0
SUNOCO PIPELINE L.P.,215,1035
ENTERPRISE PRODUCTS OPERATING LLC,0,20
COLONIAL PIPELINE CO,1.74,0
BUCKEYE GULF COAST PIPELINE LP,0,23
CHEVRON PIPE LINE CO,79,0
ENTERPRISE CRUDE PIPELINE LLC,3600,3311
"PIPELINES OF PUERTO RICO INCD, THE",40,26
TC OIL PIPELINE OPERATIONS INC,0.24,0
EXXONMOBIL PIPELINE CO,5.6,0
"BUCKEYE PARTNERS, LP",0,0.02
ENTERPRISE PRODUCTS OPERATING LLC,3.57,0.43
TC OIL PIPELINE OPERATIONS INC,0.36,0
"PLAINS MARKETING, L.P.",9,0
"BUCKEYE PARTNERS, LP",1.2,0
"MAGELLAN PIPELINE COMPANY, LP",0.12,0
DCP MIDSTREAM,5,995
ENTERPRISE PRODUCTS OPERATING LLC,85.7,2.4
"KINDER MORGAN LIQUID TERMINALS, LLC",47,0
ENTERPRISE CRUDE PIPELINE LLC,0,0.24
SUNOCO PIPELINE L.P.,38,0
"EQUISTAR CHEMICALS, L.P.",0,288.5
ENTERPRISE PRODUCTS OPERATING LLC,0,0
"KINDER MORGAN LIQUID TERMINALS, LLC",20,20
SUNOCO PIPELINE L.P.,0,0.5
TRANSPETCO TRANSPORT CO.,0,2530
SUNOCO PIPELINE L.P.,24,16
SUNOCO PIPELINE L.P.,3,1
ONEOK NGL PIPELINE LP,0,3.99
SUNOCO PIPELINE L.P.,20,58
"DENBURY GREEN PIPELINE-TEXAS, LLC",0,2.4
JAYHAWK PIPELINE LLC,240,160
"KINDER MORGAN LIQUID TERMINALS, LLC",0.4,0
NUSTAR TERMINALS OPERATIONS PARTNERSHIP L. P.,7.14,0
TC OIL PIPELINE OPERATIONS INC,0.24,0
ONEOK NGL PIPELINE LP,0,50
"MAGELLAN PIPELINE COMPANY, LP",0.24,0
"FRONT RANGE PIPELINE, LLC.",0.16,0
EXXONMOBIL PIPELINE CO,0,0.74
"PLAINS PIPELINE, L.P.",1,0
"MAGELLAN PIPELINE COMPANY, LP",0.83,0.12
ENTERPRISE CRUDE PIPELINE LLC,593,7
"BUCKEYE PARTNERS, LP",0.6,0
"ROCKY MOUNTAIN PIPELINE SYSTEM, LLC",3,0
"PLAINS PIPELINE, L.P.",4,0
HARBOR PIPELINE CO,0.19,0
"MAGELLAN PIPELINE COMPANY, LP",50,432
"DENBURY GULF COAST PIPELINES, LLC",0,8.36
ENBRIDGE PIPELINES (NORTH DAKOTA) LLC,0.24,0
"MAGELLAN PIPELINE COMPANY, LP",0.12,0
"MAGELLAN PIPELINE COMPANY, LP",20,0
ENTERPRISE CRUDE PIPELINE LLC,0,25
ENTERPRISE PRODUCTS OPERATING LLC,0,0.53
COLONIAL PIPELINE CO,0.36,0.09
CONOCOPHILLIPS,1.19,0.81
MARATHON PIPE LINE LLC,80,0
"MAGELLAN TERMINALS HOLDINGS, LP",100,0
BP USFO/LOGISTICS,0.95,0
"MAGELLAN TERMINALS HOLDINGS, LP",296,304
"KINDER MORGAN LIQUID TERMINALS, LLC",8,15
PLANTATION PIPE LINE CO,0.24,0
CONOCOPHILLIPS,0,1
TC OIL PIPELINE OPERATIONS INC,15,0
ENTERPRISE PRODUCTS OPERATING LLC,2,0
ENTERPRISE CRUDE PIPELINE LLC,1,0
"BUCKEYE PARTNERS, LP",268,32
ENTERPRISE PRODUCTS OPERATING LLC,3,1
"MARTIN OPERATING PARTNERSHIP, L.P.",12,0
ENTERPRISE CRUDE PIPELINE LLC,38,2
MUSTANG PIPE LINE PARTNERS,0.5,0
COLONIAL PIPELINE CO,0.29,0
CHEVRON PRODUCTS COMPANY,1,9
ENBRIDGE PIPELINES (OZARK) L.L.C.,4.5,0
NUSTAR PIPELINE OPERATING PARTNERSHIP L.P.,0.55,0
MARATHON PIPE LINE LLC,0.15,0
CHEVRON PIPE LINE CO,23,205
EXXONMOBIL PIPELINE CO,0,1
"PLAINS PIPELINE, L.P.",115,0
"ENBRIDGE ENERGY, LIMITED PARTNERSHIP",0.29,0
"PLAINS PIPELINE, L.P.",4,0
CHEVRON PETROCHEMICAL PIPELINE LLC,0,5.23
COLONIAL PIPELINE CO,0.19,0
BP WEST COAST PRODUCTS L.L.C.,0.6,0
WEST TEXAS GULF PIPELINE CO,0.24,0
WEST SHORE PIPELINE CO,2.4,9.5
"BUCKEYE PARTNERS, LP",0.48,0
KINDER MORGAN COCHIN LLC,0,0.76
MARATHON PIPE LINE LLC,6643,2357
"MAGELLAN AMMONIA PIPELINE, L.P.",0,1.43
SUNOCO PIPELINE L.P.,0,1
ENTERPRISE CRUDE PIPELINE LLC,0,1
"MAGELLAN AMMONIA PIPELINE, L.P.",0,15
"MAGELLAN AMMONIA PIPELINE, L.P.",0,2
PARAMOUNT PETROLEUM CORP,0.1,0.9
"SFPP, LP",8.19,0
SUNOCO PIPELINE L.P.,6,2
EXXONMOBIL PIPELINE CO,0,1
"PLAINS PIPELINE, L.P.",2,0
ONEOK NGL PIPELINE LP,0,3
"ROCKY MOUNTAIN PIPELINE SYSTEM, LLC",0.46,0
"COFFEYVILLE RESOURCES CRUDE TRANSPORTATION, LLC",93,2
BP WEST COAST PRODUCTS L.L.C.,3.9,0.2
ENTERPRISE CRUDE PIPELINE LLC,0.14,0
ENTERPRISE PRODUCTS OPERATING LLC,0,12
TC OIL PIPELINE OPERATIONS INC,400,0
ENTERPRISE PRODUCTS OPERATING LLC,50,10
"HOLLY ENERGY PARTNERS - OPERATING, L.P.",0,1
"MAGELLAN PIPELINE COMPANY, LP",0.24,0
BUCKEYE GULF COAST PIPELINE LP,0,5
ONEOK NGL PIPELINE LP,0,100
"BUCKEYE PARTNERS, LP",2.4,0
WEST SHORE PIPELINE CO,2,0
MARATHON PIPE LINE LLC,0.08,0
JAYHAWK PIPELINE LLC,14.2,0.8
ENTERPRISE CRUDE PIPELINE LLC,36,85
"KINDER MORGAN LIQUID TERMINALS, LLC",1,0
BP WEST COAST PRODUCTS L.L.C.,1,3
WOLVERINE PIPELINE CO,1,3
TC OIL PIPELINE OPERATIONS INC,8.5,0
MARATHON PIPE LINE LLC,1.3,0
HOUSTON REFINING LP.,0.2,0.05
"MAGELLAN PIPELINE COMPANY, LP",0.5,0
"MAGELLAN PIPELINE COMPANY, LP",0.35,0
"MAGELLAN AMMONIA PIPELINE, L.P.",0,1
PLANTATION PIPE LINE CO,3.09,0
ENTERPRISE CRUDE PIPELINE LLC,5,1
ENTERPRISE CRUDE PIPELINE LLC,4383,7846
"MAGELLAN AMMONIA PIPELINE, L.P.",0,0.36
NUSTAR PIPELINE OPERATING PARTNERSHIP L.P.,4,0
"KINDER MORGAN LIQUID TERMINALS, LLC",0.42,0
"SHELL PIPELINE CO., L.P.",0.24,0
"NUSTAR LOGISTICS, L.P.",0,0.23
ENTERPRISE PRODUCTS OPERATING LLC,0,1
"SHELL PIPELINE CO., L.P.",0.02,0
ENTERPRISE PRODUCTS OPERATING LLC,0,20
COLONIAL PIPELINE CO,0.8,0
"BUCKEYE PARTNERS, LP",0.4,0
CHEVRON PIPE LINE CO,0,33
ONEOK NGL PIPELINE LP,0,4.88
MID - VALLEY PIPELINE CO,90,10
CHEVRON PIPE LINE CO,0,0.89
ENTERPRISE PRODUCTS OPERATING LLC,10,2
ENTERPRISE PRODUCTS OPERATING LLC,0,50
WEST TEXAS GULF PIPELINE CO,0,1
ENTERPRISE CRUDE PIPELINE LLC,10,9
"PLAINS PIPELINE, L.P.",275,0
"KINDER MORGAN LIQUID TERMINALS, LLC",0.2,0.03
BP WEST COAST PRODUCTS L.L.C.,3.8,0.2
"MAGELLAN PIPELINE COMPANY, LP",1.18,1.12
"MAGELLAN PIPELINE COMPANY, LP",3,0
CRIMSON PIPELINE L.P.,15,5
MOBIL CHEMICAL CO,0,0.14
MID - VALLEY PIPELINE CO,0,1
EXXONMOBIL PIPELINE CO,0,1509
CONOCOPHILLIPS,16,13.4
NUSTAR PIPELINE OPERATING PARTNERSHIP L.P.,0.48,0
ONEOK NGL PIPELINE LP,0,3.44
"MAGELLAN PIPELINE COMPANY, LP",0,10
ENBRIDGE PIPELINES (OZARK) L.L.C.,0.6,0
CHEVRON PIPE LINE CO,0,0.28
EXXONMOBIL PIPELINE CO,0.9,0
WEST TEXAS GULF PIPELINE CO,60,10
MOBIL CORP,0,0.38
NUSTAR PIPELINE OPERATING PARTNERSHIP L.P.,0,100
ONEOK NGL PIPELINE LP,0,2.6
ONEOK NGL PIPELINE LP,0,0.74
CHEVRON PIPE LINE CO,2,0
SEADRIFT PIPELINE CORP,0,1967
NUSTAR PIPELINE OPERATING PARTNERSHIP L.P.,0.27,0
"MAGELLAN TERMINALS HOLDINGS, LP",0.23,0
"KINDER MORGAN LIQUID TERMINALS, LLC",1.19,0
SUNOCO PIPELINE L.P.,0,1.5
CENTRAL FLORIDA PIPELINE CORP,176,627
"MAGELLAN PIPELINE COMPANY, LP",35,0
"PLAINS PIPELINE, L.P.",123,0
MID - VALLEY PIPELINE CO,0.52,0
"SHELL PIPELINE CO., L.P.",2.83,0.17
"KOCH PIPELINE COMPANY, L.P.",6,9
CONOCOPHILLIPS,0,0.24
PLANTATION PIPE LINE CO,0.28,0
ENTERPRISE PRODUCTS OPERATING LLC,27,0
PACIFIC PIPELINE SYSTEM LLC,1,0
KERN OIL & REFINING CO.,1.5,0.5
MOBIL PACIFIC PIPELINE CO,35,0
"MAGELLAN PIPELINE COMPANY, LP",131,0
ONEOK NGL PIPELINE LP,0,3.26
NUSTAR PIPELINE OPERATING PARTNERSHIP L.P.,3.57,0
"SFPP, LP",0.35,0
COLONIAL PIPELINE CO,8.54,0
CONOCOPHILLIPS,0,0.7
MUSTANG PIPE LINE PARTNERS,0.14,0
EXXONMOBIL PIPELINE CO,0,1
MOBIL CORP,0,1
ENTERPRISE CRUDE PIPELINE LLC,2,3
"MAGELLAN PIPELINE COMPANY, LP",928.5,0
ENTERPRISE PRODUCTS OPERATING LLC,0,675
"BUCKEYE PARTNERS, LP",20,0
"ENBRIDGE ENERGY, LIMITED PARTNERSHIP",0.95,0
CRIMSON PIPELINE L.P.,0,2
ONEOK NGL PIPELINE LP,0,4.5
"BUCKEYE PARTNERS, LP",0.23,0
EXXONMOBIL PIPELINE CO,11.2,7.5
ENTERPRISE CRUDE PIPELINE LLC,200,50
EXXONMOBIL PIPELINE CO,20,0
NUSTAR PIPELINE OPERATING PARTNERSHIP L.P.,0,0.2
ENTERPRISE PRODUCTS OPERATING LLC,0,19.86
"SFPP, LP",24,14
"MAGELLAN PIPELINE COMPANY, LP",0,0.24
VALERO REFINING COMPANY - CALIFORNIA,5,0
ENTERPRISE CRUDE PIPELINE LLC,0,0.5
CONOCOPHILLIPS,0,56
MARATHON PIPE LINE LLC,0.2,0
SUNOCO PIPELINE L.P.,1,3
SUNOCO PIPELINE L.P.,0,2
ENTERPRISE PRODUCTS OPERATING LLC,0,1
"MAGELLAN PIPELINE COMPANY, LP",0.71,0
"PLAINS PIPELINE, L.P.",4,0
TIDELANDS OIL PRODUCTION COMPANY,0.48,0
CONOCOPHILLIPS,0.6,4.1
ENTERPRISE CRUDE PIPELINE LLC,440,120
CHEVRON PIPE LINE CO,0,12836
"KINDER MORGAN LIQUID TERMINALS, LLC",2,0
"SHELL PIPELINE CO., L.P.",0.19,0.05
ENTERPRISE PRODUCTS OPERATING LLC,0,0.17
CHEVRON PIPE LINE CO,0,0.09
ENTERPRISE PRODUCTS OPERATING LLC,0,500
CONOCOPHILLIPS,0.9,0.8
"KINDER MORGAN LIQUID TERMINALS, LLC",0,0.24
ENTERPRISE PRODUCTS OPERATING LLC,0,0.35
ENBRIDGE PIPELINES (OZARK) L.L.C.,2,0
OLYMPIC PIPE LINE COMPANY,0.29,0
MARATHON PIPE LINE LLC,96,0
"BUCKEYE PARTNERS, LP",22,1
"BUCKEYE PARTNERS, LP",271,324
CHEVRON MIDSTREAM PIPELINES LLC,0,3.43
ENTERPRISE PRODUCTS OPERATING LLC,0,80
ENTERPRISE CRUDE PIPELINE LLC,0,0.5
CONOCOPHILLIPS,0,0.48
ENBRIDGE PIPELINES (NORTH DAKOTA) LLC,20,0
"ENBRIDGE ENERGY, LIMITED PARTNERSHIP",15,0
SUNOCO PIPELINE L.P.,78,0
NUSTAR PIPELINE OPERATING PARTNERSHIP L.P.,2.62,0
BP PIPELINE (NORTH AMERICA) INC.,10,0
CONOCOPHILLIPS,0,10
MOBIL CORP,41,0
"KINDER MORGAN LIQUID TERMINALS, LLC",1,0
SUNOCO PIPELINE L.P.,0,0.5
SUNOCO PIPELINE L.P.,25,0
"MAGELLAN PIPELINE COMPANY, LP",300,290
MOTIVA ENTERPRISE LLC,0.16,0
ONEOK NGL PIPELINE LP,0,0.48
JAYHAWK PIPELINE LLC,14,3
CENTURION PIPELINE L.P.,2309,990
ENTERPRISE CRUDE PIPELINE LLC,10,200
"MAGELLAN PIPELINE COMPANY, LP",5.95,0
WEST TEXAS GULF PIPELINE CO,0,1
"ENBRIDGE ENERGY, LIMITED PARTNERSHIP",398,0
SUNOCO PIPELINE L.P.,0,0.12
"MAGELLAN PIPELINE COMPANY, LP",0.35,0
ENTERPRISE CRUDE PIPELINE LLC,0,3
COLONIAL PIPELINE CO,0.45,0
"PLAINS PIPELINE, L.P.",73,0
"MAGELLAN PIPELINE COMPANY, LP",0.48,0
"MAGELLAN PIPELINE COMPANY, LP",5,0
ENTERPRISE PRODUCTS OPERATING LLC,0,0.35
PLANTATION PIPE LINE CO,23,0
"OILTANKING PORT NECHES, LLC",0,4
"SHELL PIPELINE CO., L.P.",3,0
"BUCKEYE PARTNERS, LP",9.4,0.1
ENTERPRISE CRUDE PIPELINE LLC,3,3
ENTERPRISE CRUDE PIPELINE LLC,0,0.23
"KINDER MORGAN LIQUID TERMINALS, LLC",0.2,0.05
SUNOCO PIPELINE L.P.,0,0.48
"PLAINS PIPELINE, L.P.",80,0
KINDER MORGAN COCHIN LLC,0,5648
CONOCOPHILLIPS,0,45
CHEVRON PETROCHEMICAL PIPELINE LLC,0,0.23
"ENBRIDGE ENERGY, LIMITED PARTNERSHIP",10,0
CONOCOPHILLIPS,0.85,0.1
"MAGELLAN TERMINALS HOLDINGS, LP",0.47,0
ENTERPRISE CRUDE PIPELINE LLC,0,1.5
BELLE FOURCHE PIPELINE CO,120,80
"PLAINS PIPELINE, L.P.",90,0
BELLE FOURCHE PIPELINE CO,53,1905
TRANSMONTAIGNE OPERATING COMPANY L.P.,0,1330
ENTERPRISE CRUDE PIPELINE LLC,2490,0
ENTERPRISE CRUDE PIPELINE LLC,85,55
WEST SHORE PIPELINE CO,16.6,0
"ENBRIDGE ENERGY, LIMITED PARTNERSHIP",0.48,0
BP USFO/LOGISTICS,1.19,0
MARATHON PIPE LINE LLC,0.01,0
ENTERPRISE PRODUCTS OPERATING LLC,0,85
ENTERPRISE CRUDE PIPELINE LLC,100,0
"MAGELLAN PIPELINE COMPANY, LP",1855,0
SUNOCO PIPELINE L.P.,0,0.36
"HOLLY ENERGY PARTNERS - OPERATING, L.P.",0,5
"SHELL PIPELINE CO., L.P.",0,0.02
"KINDER MORGAN LIQUID TERMINALS, LLC",0.12,0
"KINDER MORGAN LIQUID TERMINALS, LLC",10,0
COLONIAL PIPELINE CO,68,1
BELLE FOURCHE PIPELINE CO,650,150
ONEOK NGL PIPELINE LP,0,0.24
UNOCAL PIPELINE CO - EASTERN REGION,27,4
ENTERPRISE CRUDE PIPELINE LLC,0,1
"PLAINS PIPELINE, L.P.",0,0
ONEOK NGL PIPELINE LP,0,360
BELLE FOURCHE PIPELINE CO,470,530
NUSTAR PIPELINE OPERATING PARTNERSHIP L.P.,0,3.06
"MAGELLAN PIPELINE COMPANY, LP",58,592
"MAGELLAN PIPELINE COMPANY, LP",194,1990
SUNOCO PIPELINE L.P.,0,0.71
"KOCH PIPELINE COMPANY, L.P.",0.23,0
ST. JAMES OIL CORPORATION,0.5,0
COLONIAL PIPELINE CO,2,1.3
"MAGELLAN PIPELINE COMPANY, LP",150,100
DIXIE PIPELINE,0,22
ENTERPRISE CRUDE PIPELINE LLC,0,1
SUNOCO PIPELINE L.P.,0,2.5
"KOCH PIPELINE COMPANY, L.P.",0.83,0
"TOTAL PETROCHEMICALS PIPELINE USA , INC.",1,1
ENTERPRISE PRODUCTS OPERATING LLC,0,3283
ENTERPRISE PRODUCTS OPERATING LLC,0,0
ENTERPRISE PRODUCTS OPERATING LLC,0.2,0.03
SUNOCO PIPELINE L.P.,0,2
JAYHAWK PIPELINE LLC,100,50
ONEOK NGL PIPELINE LP,20,13.79
MARATHON PIPE LINE LLC,1.5,0
SUNOCO PIPELINE L.P.,0,117
ENTERPRISE CRUDE PIPELINE LLC,0,0.12
CONOCOPHILLIPS,0.5,0
SUNOCO PIPELINE L.P.,0,2
EXXONMOBIL OIL CORP - WEST COAST,0.84,0
ONEOK NGL PIPELINE LP,0,0.14
SUNOCO PIPELINE L.P.,728.5,1221.5
COLONIAL PIPELINE CO,0.31,0
ALYESKA PIPELINE SERVICE CO,3.26,0
CONOCOPHILLIPS,0,2
BP USFO/LOGISTICS,64,11
"KINDER MORGAN LIQUID TERMINALS, LLC",2,0
COLONIAL PIPELINE CO,300.5,23.3
"MAGELLAN PIPELINE COMPANY, LP",0,0.71
COLONIAL PIPELINE CO,0.95,0
ENBRIDGE STORAGE (PATOKA) L.L.C.,0.17,0
ONEOK NGL PIPELINE LP,5.95,5.95
"SHELL PIPELINE CO., L.P.",0.5,0
"BUCKEYE PARTNERS, LP",0.43,0.17
"LION OIL TRADING & TRANSPORTATION, INC",59,1
"KOCH PIPELINE COMPANY, L.P.",0,1.52
"HOLLY ENERGY PARTNERS - OPERATING, L.P.",0,0.36
SINCLAIR TRANSPORTATION COMPANY,245,195
"MAGELLAN PIPELINE COMPANY, LP",242,20
WEST TEXAS GULF PIPELINE CO,70,0
"SHELL PIPELINE CO., L.P.",128,87
EXXONMOBIL PIPELINE CO,0,0.16
KINDER MORGAN WINK PIPELINE LP,20,6
COLONIAL PIPELINE CO,0.33,0
"BUCKEYE PARTNERS, LP",0.24,0
ENTERPRISE CRUDE PIPELINE LLC,30,2
"PLAINS MARKETING, L.P.",0.5,0
"BUCKEYE PARTNERS, LP",0.6,0
SUNOCO PIPELINE L.P.,0,0.35
CONOCOPHILLIPS,0,0.48
EXXONMOBIL PIPELINE CO,0.45,0
ENTERPRISE CRUDE PIPELINE LLC,0,100
"MAGELLAN PIPELINE COMPANY, LP",1195.24,281.76
"KOCH PIPELINE COMPANY, L.P.",1.1,0.1
CONOCOPHILLIPS,0.83,0
CENEX PIPELINE LLC,0,0.35
EXPLORER PIPELINE CO,14,0
"ENBRIDGE ENERGY, LIMITED PARTNERSHIP",20,0
COLONIAL PIPELINE CO,5.4,0
"ENBRIDGE ENERGY, LIMITED PARTNERSHIP",5,0
"KINDER MORGAN LIQUID TERMINALS, LLC",1,0
PETROLEUM FUEL AND TERMINAL COMPANY,5,0
"ENBRIDGE ENERGY, LIMITED PARTNERSHIP",0.01,0
WEST TEXAS GULF PIPELINE CO,1.5,0.5
"MAGELLAN PIPELINE COMPANY, LP",0.24,0
"KOCH PIPELINE COMPANY, L.P.",0.19,0.05
NUSTAR PIPELINE OPERATING PARTNERSHIP L.P.,450,50
"ENBRIDGE ENERGY, LIMITED PARTNERSHIP",24,0
CENEX PIPELINE LLC,0.23,0
CENEX PIPELINE LLC,181,2
SUNOCO PIPELINE L.P.,1.5,0.5
HARVEST PIPELINE COMPANY,1250,50
WEST TEXAS GULF PIPELINE CO,0,2
MOTIVA ENTERPRISE LLC,0.16,0
SUNOCO PIPELINE L.P.,0,0.12
CENTURION PIPELINE L.P.,100,28
"ENBRIDGE ENERGY, LIMITED PARTNERSHIP",255,1245
CHEVRON PIPE LINE CO,0.17,0
ENTERPRISE CRUDE PIPELINE LLC,0,1.5
SUNOCO PIPELINE L.P.,0,0.5
"PLAINS MARKETING, L.P.",3,0
ENTERPRISE CRUDE PIPELINE LLC,0,1
"MAGELLAN PIPELINE COMPANY, LP",1.9,0
"MAGELLAN PIPELINE COMPANY, LP",0.24,0
NUSTAR PIPELINE OPERATING PARTNERSHIP L.P.,0,0.2
"MAGELLAN PIPELINE COMPANY, LP",0.12,0
"KINDER MORGAN LIQUID TERMINALS, LLC",0.09,0.03
"KINDER MORGAN LIQUID TERMINALS, LLC",0.4,0.1
DIXIE PIPELINE COMPANY LLC,0,4.3
EXXONMOBIL PIPELINE CO,0.5,0
"KINDER MORGAN LIQUID TERMINALS, LLC",1,0
"PLAINS PIPELINE, L.P.",189,15
ENTERPRISE PRODUCTS OPERATING LLC,1,2
CONOCOPHILLIPS,0.48,0
"ENBRIDGE ENERGY, LIMITED PARTNERSHIP",0.02,0
EXPLORER PIPELINE CO,11,0
"MAGELLAN PIPELINE COMPANY, LP",1.1,0.09
"MAGELLAN PIPELINE COMPANY, LP",12,0
"ENBRIDGE ENERGY, LIMITED PARTNERSHIP",0.24,0
ENTERPRISE PRODUCTS OPERATING LLC,10,0
WEST TEXAS GULF PIPELINE CO,0,0.48
MARATHON PIPE LINE LLC,0.4,0
MARATHON PIPE LINE LLC,1.6,0
"PLAINS PIPELINE, L.P.",222,0
ENTERPRISE PRODUCTS OPERATING LLC,0,100
ENTERPRISE CRUDE PIPELINE LLC,60,15
OLYMPIC PIPE LINE COMPANY,1.96,0
OLYMPIC PIPE LINE COMPANY,0.97,0
SUNOCO PIPELINE L.P.,4.5,0
KINDER MORGAN CO2 CO. LP,0,3.88
WEST SHORE PIPELINE CO,0.36,0
COLONIAL PIPELINE CO,2.5,0
"PLAINS PIPELINE, L.P.",3,0
"BUCKEYE PARTNERS, LP",0.1,0
KINDER MORGAN CO2 CO. LP,0,15.15
"CCPS TRANSPORTATION, LLC",20,0
"KINDER MORGAN LIQUID TERMINALS, LLC",0.4,0.08
"ENBRIDGE ENERGY, LIMITED PARTNERSHIP",0.6,0
SUNOCO PIPELINE L.P.,0,5
ENTERPRISE CRUDE PIPELINE LLC,600,0
"PLAINS PIPELINE, L.P.",4.5,0
ONEOK NGL PIPELINE LP,0,1.84
COLONIAL PIPELINE CO,0.87,0
EXXONMOBIL PIPELINE CO,5.5,0
EXXONMOBIL PIPELINE CO,0.23,0
"MAGELLAN PIPELINE COMPANY, LP",0.24,0
EXPLORER PIPELINE CO,41.64,0
"HOLLY ENERGY PARTNERS - OPERATING, L.P.",40,76
"PLAINS PIPELINE, L.P.",5,0
"MAGELLAN PIPELINE COMPANY, LP",0.48,0
EXXONMOBIL PIPELINE CO,0.38,0
ENTERPRISE PRODUCTS OPERATING LLC,0,3
"KINDER MORGAN LIQUID TERMINALS, LLC",35.26,0
EXXONMOBIL OIL CORP - WEST COAST,2.7,0
MOTIVA ENTERPRISE LLC,0.16,0
CONOCOPHILLIPS,5,0
"BP PIPELINES (ALASKA), INC",0.28,0
CITGO PETROLEUM CORPORATION (TERMINALS),0.36,0.36
MID - VALLEY PIPELINE CO,0.47,0
ENTERPRISE CRUDE PIPELINE LLC,3,0
"BUCKEYE PARTNERS, LP",0.17,0
ENTERPRISE CRUDE PIPELINE LLC,0.2,0.3
EXXONMOBIL PIPELINE CO,2000,880
"PLAINS PIPELINE, L.P.",15,0
ENTERPRISE PRODUCTS OPERATING LLC,0,3
ONEOK NGL PIPELINE LP,0,3
"PLAINS PIPELINE, L.P.",8,0
"COFFEYVILLE RESOURCES CRUDE TRANSPORTATION, LLC",0.36,0
EXPLORER PIPELINE CO,0.71,0
"SHELL PIPELINE CO., L.P.",0.6,0
SUNOCO PIPELINE L.P.,0,20
BP USFO/LOGISTICS,0.48,0
SUNOCO PIPELINE L.P.,0.24,0
"MAGELLAN TERMINALS HOLDINGS, LP",0.71,0
BRIDGER PIPELINE LLC,115,35
"KOCH PIPELINE COMPANY, L.P.",2.62,0.58
ENTERPRISE CRUDE PIPELINE LLC,0.1,0
SINCLAIR TRANSPORTATION COMPANY,0,5
EXPLORER PIPELINE CO,7,0
MARATHON PIPE LINE LLC,0.14,0
"BUCKEYE PARTNERS, LP",2.38,0
SUNOCO PIPELINE L.P.,8,2
COLONIAL PIPELINE CO,0.4,0
"KINDER MORGAN LIQUID TERMINALS, LLC",53.18,0
"PLAINS PIPELINE, L.P.",1.5,0
"MAGELLAN AMMONIA PIPELINE, L.P.",0,3.4
CHEVRON PIPE LINE CO,9.29,0
COLONIAL PIPELINE CO,13.21,0.79
ENTERPRISE CRUDE PIPELINE LLC,0,2.5
PHILLIPS 66 PIPELINE LLC,3,2
"ENBRIDGE ENERGY, LIMITED PARTNERSHIP",1.19,0
PHILLIPS 66 PIPELINE LLC,2,1
ENTERPRISE CRUDE PIPELINE LLC,220,19
ENERGY TRANSFER COMPANY,0,2880
"OILTANKING, HOUSTON LP",0,0
JAYHAWK PIPELINE LLC,16,10
"BUCKEYE PARTNERS, LP",0,0.02
CALNEV PIPELINE CO,0.42,0
OXY USA INC,0.4,0.2
"PLAINS PIPELINE, L.P.",15,0
"SHELL PIPELINE CO., L.P.",10,0
"MAGELLAN PIPELINE COMPANY, LP",213,91
ENTERPRISE PRODUCTS OPERATING LLC,0,0.1
ENTERPRISE CRUDE PIPELINE LLC,0.25,0
MID - VALLEY PIPELINE CO,0.19,0
"PLAINS PIPELINE, L.P.",20,0
ENTERPRISE CRUDE PIPELINE LLC,7,1
ENTERPRISE CRUDE PIPELINE LLC,0.5,0.5
"PLAINS PIPELINE, L.P.",0.48,0
ROSE ROCK MIDSTREAM L.P.,58,2
"BUCKEYE PARTNERS, LP",26.5,73.5
VALERO TERMINALING AND DISTRIBUTION COMPANY,0,250
ENTERPRISE CRUDE PIPELINE LLC,0.2,0.8
SUNOCO PIPELINE L.P.,0,0.12
NUSTAR PIPELINE OPERATING PARTNERSHIP L.P.,5.69,0
"MAGELLAN PIPELINE COMPANY, LP",0.36,0
BP OIL PIPELINE CO,23.5,0
EXPLORER PIPELINE CO,0.2,0
ROSE ROCK MIDSTREAM L.P.,140,2
"HOLLY ENERGY PARTNERS - OPERATING, L.P.",0,465
EXPLORER PIPELINE CO,2.4,0
CENTURION PIPELINE L.P.,10,201
"SHELL PIPELINE CO., L.P.",13,0
CITGO PRODUCTS PIPELINE CO,0.24,0.24
CENTURION PIPELINE L.P.,0,4
SUNOCO PIPELINE L.P.,0,0.12
SUNOCO PIPELINE L.P.,0,2
SUNOCO PIPELINE L.P.,0.12,0
"BUCKEYE PARTNERS, LP",0.02,8.68
ROSE ROCK MIDSTREAM L.P.,93,6
"SHELL PIPELINE CO., L.P.",0,15.67
WEST SHORE PIPELINE CO,482,820
COLONIAL PIPELINE CO,0.36,0
"SHELL PIPELINE CO., L.P.",50,0
ENTERPRISE PRODUCTS OPERATING LLC,0,6.3
"PLAINS PIPELINE, L.P.",3,0
CHEVRON PIPE LINE CO,0,3117
"KINDER MORGAN LIQUID TERMINALS, LLC",16,0
COLONIAL PIPELINE CO,27.4,0
THE DOW CHEMICAL COMPANY,0,132
ENBRIDGE PIPELINES (OZARK) L.L.C.,1,0
"KOCH PIPELINE COMPANY, L.P.",0.91,0.09
"MAGELLAN PIPELINE COMPANY, LP",0.12,0
MOTIVA ENTERPRISE LLC,0.2,0
COLONIAL PIPELINE CO,0.79,0.04
"ENBRIDGE ENERGY, LIMITED PARTNERSHIP",1100,629
COLONIAL PIPELINE CO,0.95,0
ENERGY TRANSFER COMPANY,0,217
ENTERPRISE PRODUCTS OPERATING LLC,0,1
SUNOCO PIPELINE L.P.,0,0.36
"PLAINS MARKETING, L.P.",1,0
"PLAINS MARKETING, L.P.",0,0.24
COLONIAL PIPELINE CO,0.21,0
"SHELL PIPELINE CO., L.P.",0,0.44
"KOCH PIPELINE COMPANY, L.P.",24.2,0
CHEVRON PIPE LINE CO,0.5,0
SUNOCO PIPELINE L.P.,0,3
"PLAINS PIPELINE, L.P.",4,0
COLONIAL PIPELINE CO,1.26,0.12
PHILLIPS 66 PIPELINE LLC,0,0.4
SUNOCO PIPELINE L.P.,4.14,0
"ONEOK NGL PIPELINE, LLC",0,0.5
"DELEK PIPELINE TEXAS, INC",0,5
EXXONMOBIL PIPELINE CO,0,0.25
MARATHON PIPE LINE LLC,25,0
TAMPA BAY PIPELINE CO.,0,0.1
"PLAINS PIPELINE, L.P.",0.36,0
MARATHON PIPE LINE LLC,0.2,0
ENTERPRISE PRODUCTS OPERATING LLC,2,3
"PLAINS PIPELINE, L.P.",20,0
WEST SHORE PIPELINE CO,685,19
PHILLIPS 66 PIPELINE LLC,0.36,0
ENTERPRISE PRODUCTS OPERATING LLC,0,0.1
COLONIAL PIPELINE CO,1.19,0
"PLAINS PIPELINE, L.P.",15,0
"SHELL PIPELINE CO., L.P.",1,0
ENTERPRISE PRODUCTS OPERATING LLC,0,2
"BUCKEYE PARTNERS, LP",2.05,0.33
"PLAINS PIPELINE, L.P.",80,0
"MAGELLAN AMMONIA PIPELINE, L.P.",0,8.78
COLONIAL PIPELINE CO,0.38,0
"PLAINS PIPELINE, L.P.",25,0
CHEVRON PIPE LINE CO,0,0.02
"MAGELLAN AMMONIA PIPELINE, L.P.",0,54.65
"KINDER MORGAN LIQUID TERMINALS, LLC",0.02,0.1
"KINDER MORGAN LIQUID TERMINALS, LLC",0.5,0
NUSTAR TERMINALS OPERATIONS PARTNERSHIP L. P.,0.71,0
ENTERPRISE CRUDE PIPELINE LLC,100,0
"SHELL PIPELINE CO., L.P.",0.95,0
JAYHAWK PIPELINE LLC,0.21,0.17
CHEVRON MIDSTREAM PIPELINES LLC,0,3.75
ENTERPRISE PRODUCTS OPERATING LLC,0,6700
ENTERPRISE CRUDE PIPELINE LLC,40,0
"PLAINS PIPELINE, L.P.",10,0
CITGO PIPELINE CO,68,2
ENTERPRISE CRUDE PIPELINE LLC,0.25,0.75
"PLAINS PIPELINE, L.P.",1,0
"PLAINS MARKETING, L.P.",2.9,0
WEST TEXAS GULF PIPELINE CO,0,0.48
"MAGELLAN PIPELINE COMPANY, LP",0.71,0
PHILLIPS 66 PIPELINE LLC,0,0.24
KINDER MORGAN WINK PIPELINE LP,0,1.09
WEST COAST TERMINAL PIPELINE  (WCTP),19.6,0
"BUCKEYE PARTNERS, LP",0.95,0
MARATHON PIPE LINE LLC,0.1,0
ENTERPRISE CRUDE PIPELINE LLC,0.5,0.5
SUNOCO PIPELINE L.P.,10,3
ENTERPRISE CRUDE PIPELINE LLC,1.5,0
"PLAINS MARKETING, L.P.",3,0
BELLE FOURCHE PIPELINE CO,0,20
SUNOCO PIPELINE L.P.,0,0.24
COLONIAL PIPELINE CO,61.9,23.8
EXXONMOBIL PIPELINE CO,59.7,0
COLONIAL PIPELINE CO,2.6,0.9
ENTERPRISE CRUDE PIPELINE LLC,50,25
PHILLIPS 66 PIPELINE LLC,0,0.48
"ENERGY XXI PIPELINE, LLC",2,0
"MAGELLAN TERMINALS HOLDINGS, LP",0.98,0.02
MUSTANG PIPE LINE PARTNERS,1.5,0
"SFPP, LP",6.71,0
EXXONMOBIL PIPELINE CO,2,0
EXXONMOBIL PIPELINE CO,0,0
CHEVRON PIPE LINE CO,30,0
CHEVRON PIPE LINE CO,0,0.24
"SHELL PIPELINE CO., L.P.",45,0
CITGO PIPELINE CO,663,55
ENBRIDGE PIPELINES (OZARK) L.L.C.,0.83,0
ENTERPRISE CRUDE PIPELINE LLC,450,0
"KINDER MORGAN LIQUID TERMINALS, LLC",0.12,0
PHILLIPS 66 PIPELINE LLC,0,0.24
"MAGELLAN PIPELINE COMPANY, LP",0.12,0
"ONEOK NGL PIPELINE, LLC",10,0
HARVEST PIPELINE COMPANY,10,90
KEY PIPELINE LIMITED,0,200
"PLAINS PIPELINE, L.P.",1.5,0
"BKEP CRUDE, LLC",0,0.6
CALNEV PIPELINE CO,0.67,0
EXXONMOBIL PIPELINE CO,0,0.11
NUSTAR TERMINALS OPERATIONS PARTNERSHIP L. P.,1,0
ENTERPRISE PRODUCTS OPERATING LLC,0,0.1
EXPLORER PIPELINE CO,200,0
CHEVRON PIPE LINE CO,0,20
"MAGELLAN PIPELINE COMPANY, LP",1.43,0.47
PHILLIPS 66 PIPELINE LLC,0,0.48
"KOCH PIPELINE COMPANY, L.P.",1.95,0.05
"PLAINS PIPELINE, L.P.",4,0
SUNOCO PIPELINE L.P.,0,0.5
ENBRIDGE PIPELINES (NORTH DAKOTA) LLC,76,0
CENEX PIPELINE LLC,0.2,0.8
PHILLIPS 66 PIPELINE LLC,0.59,0
"MAGELLAN PIPELINE COMPANY, LP",40,0
"PLAINS PIPELINE, L.P.",1.5,0
ENTERPRISE PRODUCTS OPERATING LLC,0,1.3
"PLAINS PIPELINE, L.P.",7.5,0
"ENBRIDGE ENERGY, LIMITED PARTNERSHIP",900,0
"PLAINS PIPELINE, L.P.",35,0
"PLAINS MARKETING, L.P.",10,0
NUSTAR PIPELINE OPERATING PARTNERSHIP L.P.,60,0
"MAGELLAN PIPELINE COMPANY, LP",7.9,2.62
SUNCOR ENERGY (USA) PIPELINE CO.,15,5
EXPLORER PIPELINE CO,86,0
"PLAINS PIPELINE, L.P.",600,0
"BUCKEYE PARTNERS, LP",0.24,0
"MAGELLAN PIPELINE COMPANY, LP",0,0.1
"BKEP CRUDE, LLC",0,2
MOTIVA ENTERPRISE LLC,0,23
COLONIAL PIPELINE CO,11,0
ENERGY TRANSFER COMPANY,0,1187.69
COLONIAL PIPELINE CO,2.65,0
ENTERPRISE PRODUCTS OPERATING LLC,0,0.1
HARBOR PIPELINE CO,5.3,0
"SHELL PIPELINE CO., L.P.",0,329
"BUCKEYE PARTNERS, LP",16,32
JAYHAWK PIPELINE LLC,2,5.3
ENTERPRISE CRUDE PIPELINE LLC,5,0
MOBIL CORP,0.3,0
"CCPS TRANSPORTATION, LLC",38.5,0
COLONIAL PIPELINE CO,0.45,0
SUNOCO PIPELINE L.P.,3.1,0
"MAGELLAN AMMONIA PIPELINE, L.P.",0,23.81
"COFFEYVILLE RESOURCES CRUDE TRANSPORTATION, LLC",100,0
MOBIL  PIPE  LINE COMPANY,4,0.25
"ONEOK NGL PIPELINE, LLC",0,6719
SUNOCO PIPELINE L.P.,0.5,0.5
EXXONMOBIL REFINING AND SUPPLY COMPANY,0.3,0
MARATHON PIPE LINE LLC,0.48,0
ENBRIDGE PIPELINES (NORTH DAKOTA) LLC,0.23,0
SUNOCO PIPELINE L.P.,3,0
ENTERPRISE PRODUCTS OPERATING LLC,0.23,0
"CCPS TRANSPORTATION, LLC",3,0
ENBRIDGE ENERGY MARKETING LLC,3,7
MID - VALLEY PIPELINE CO,5,2
MARATHON PIPE LINE LLC,0.7,0
MOBIL CHEMICAL CO,0,0.2
"HOLLY ENERGY PARTNERS - OPERATING, L.P.",130,20
PLANTATION PIPE LINE CO,1.8,0
MARATHON PIPE LINE LLC,0,0
JAYHAWK PIPELINE LLC,152.8,5.6
PLANTATION PIPE LINE CO,8.33,0
COLONIAL PIPELINE CO,105.9,25.4
"KOCH PIPELINE COMPANY, L.P.",0.48,0
PLANTATION PIPE LINE CO,5.95,0
SUNOCO PIPELINE L.P.,0,2
SUNOCO PIPELINE L.P.,12.5,0
"COFFEYVILLE RESOURCES CRUDE TRANSPORTATION, LLC",0.24,0
ENBRIDGE PIPELINES (OZARK) L.L.C.,1,0
SUNOCO PIPELINE L.P.,0,10
"SFPP, LP",0.22,0
COLONIAL PIPELINE CO,0.2,0
"MAGELLAN TERMINALS HOLDINGS, LP",4,0
"MAGELLAN PIPELINE COMPANY, LP",0.24,0
NUSTAR PIPELINE OPERATING PARTNERSHIP L.P.,3.68,0
ENTERPRISE CRUDE PIPELINE LLC,0,1.5
MOBIL CHEMICAL CO,0,0.2
MARATHON PIPE LINE LLC,2.2,0
ENTERPRISE CRUDE PIPELINE LLC,1,0
PHILLIPS 66 PIPELINE LLC,0.71,0
MID - VALLEY PIPELINE CO,0.21,0.03
"MAGELLAN PIPELINE COMPANY, LP",0.7,0
"ROADRUNNER PIPELINE, L.L.C.",0,0.12
JAYHAWK PIPELINE LLC,350,41.8
"DELEK LOGISTICS OPERATING, LLC.",30,1.2
PHILLIPS 66 PIPELINE LLC,0,97.52
MARATHON PIPE LINE LLC,0.3,0
"GENESIS PIPELINE USA, L.P.",1,0
ROSE ROCK MIDSTREAM L.P.,0,1
WEST TEXAS GULF PIPELINE CO,0,2
KINDER MORGAN PIPELINES (USA) INC,0.3,0
"MAGELLAN PIPELINE COMPANY, LP",0.2,0
ENTERPRISE CRUDE PIPELINE LLC,0,3
MID - VALLEY PIPELINE CO,0.52,0.15
"MAGELLAN PIPELINE COMPANY, LP",2.38,0
SUNOCO PIPELINE L.P.,120,230
ENTERPRISE CRUDE PIPELINE LLC,12,0
ENBRIDGE PIPELINES (NORTH DAKOTA) LLC,0.24,0
"KINDER MORGAN LIQUID TERMINALS, LLC",0.48,0
CHEVRON PIPE LINE CO,13,2
MOBIL CORP,20,0
"KINDER MORGAN LIQUID TERMINALS, LLC",4,0
JAYHAWK PIPELINE LLC,6,8.7
"HOLLY ENERGY PARTNERS - OPERATING, L.P.",2,18
ENBRIDGE PIPELINES (TOLEDO) INC,0.24,0
KINDER MORGAN CO2 CO. LP,0,4.83
PLANTATION PIPE LINE CO,0.79,0
"MAGELLAN AMMONIA PIPELINE, L.P.",0,0.45
MARATHON PIPE LINE LLC,0,0
SUNOCO PIPELINE L.P.,0,25
"KINDER MORGAN LIQUID TERMINALS, LLC",1100,0
EXXONMOBIL PIPELINE CO,0.74,0
PHILLIPS 66 PIPELINE LLC,8.5,0
SUNOCO PIPELINE L.P.,0,0.36
"PLAINS PIPELINE, L.P.",122,0
ENERGY TRANSFER COMPANY,0,9
SUNOCO PIPELINE L.P.,0,25
SUNOCO PIPELINE L.P.,1,2
"PLAINS PIPELINE, L.P.",15,0
SUNOCO PIPELINE L.P.,6.5,0.5
"KINDER MORGAN LIQUID TERMINALS, LLC",2,0
SUNOCO PIPELINE L.P.,2,13
ENTERPRISE CRUDE PIPELINE LLC,0.25,0
NUSTAR PIPELINE OPERATING PARTNERSHIP L.P.,0,0.48
NUSTAR PIPELINE OPERATING PARTNERSHIP L.P.,5.95,0
PHILLIPS 66 PIPELINE LLC,37.8,15.5
MARATHON PIPE LINE LLC,0,3.4
MARATHON PIPE LINE LLC,0,0.3
SUNOCO PIPELINE L.P.,0,0.3
"MAGELLAN PIPELINE COMPANY, LP",0.5,0.3
ENTERPRISE PRODUCTS OPERATING LLC,0,20
"MAGELLAN PIPELINE COMPANY, LP",24,1
BELLE FOURCHE PIPELINE CO,285,15
MOTIVA ENTERPRISE LLC,1,0
EXXONMOBIL PIPELINE CO,0.87,0
COLONIAL PIPELINE CO,0.6,0
"KINDER MORGAN LIQUID TERMINALS, LLC",1.21,0
ENTERPRISE PRODUCTS OPERATING LLC,3,0
PHILLIPS 66 PIPELINE LLC,0.43,0
WEST TEXAS GULF PIPELINE CO,0,0.1
COLLINS PIPELINE CO,0,0
ENTERPRISE PRODUCTS OPERATING LLC,0,0.01
MARATHON PIPE LINE LLC,1.33,0
ENBRIDGE PIPELINES (OZARK) L.L.C.,0.36,0
MARATHON PIPE LINE LLC,0.7,0
NUSTAR PIPELINE OPERATING PARTNERSHIP L.P.,0,1.57
SUNOCO PIPELINE L.P.,500,50
CYPRESS INTERSTATE PIPELINE LLC,0,37.16
ENTERPRISE CRUDE PIPELINE LLC,10,0
BP WEST COAST PRODUCTS L.L.C.,0.36,0
SUNOCO PIPELINE L.P.,75,0
JAYHAWK PIPELINE LLC,0,0.9
MARATHON PIPE LINE LLC,0,3
"MAGELLAN PIPELINE COMPANY, LP",1,0
ENTERPRISE CRUDE PIPELINE LLC,1,0.5
KINDER MORGAN PIPELINES (USA) INC,0.3,0
EXXONMOBIL PIPELINE CO,0.78,0
"SHELL PIPELINE CO., L.P.",1,0
MCCAIN PIPELINE COMPANY,140,50.76
TC OIL PIPELINE OPERATIONS INC,0.47,0
ENTERPRISE PRODUCTS OPERATING LLC,0,0.1
"LION OIL TRADING & TRANSPORTATION, INC",5300,300
SUNOCO PIPELINE L.P.,12,38
SUNOCO PIPELINE L.P.,20,17.5
CHEVRON MIDSTREAM PIPELINES LLC,0,23702
"MAGELLAN PIPELINE COMPANY, LP",10,0
ENTERPRISE CRUDE PIPELINE LLC,1,2
CHEVRON PIPE LINE CO,499,0
SUNOCO PIPELINE L.P.,160,140
MOTIVA ENTERPRISE LLC,8,0
"BUCKEYE PARTNERS, LP",198,57
MID - VALLEY PIPELINE CO,18,2
ENERGY TRANSFER COMPANY,0,5.88
"SHELL PIPELINE CO., L.P.",525,415
MOBIL  PIPE  LINE COMPANY,2100,1090
"KOCH PIPELINE COMPANY, L.P.",0,1.6
"PLAINS PIPELINE, L.P.",10,0
"KOCH PIPELINE COMPANY, L.P.",0.65,0.06
PHILLIPS 66 PIPELINE LLC,2.3,0
MARATHON PIPE LINE LLC,1.1,0
"BUCKEYE PARTNERS, LP",1,1.39
ENTERPRISE PRODUCTS OPERATING LLC,35,65
COLONIAL PIPELINE CO,3.42,0
EXPLORER PIPELINE CO,1.19,0
"PLAINS PIPELINE, L.P.",1,0
ENTERPRISE CRUDE PIPELINE LLC,0,0.2
SUNOCO PIPELINE L.P.,0.25,0.75
"BUCKEYE PARTNERS, LP",0.01,0
ENTERPRISE CRUDE PIPELINE LLC,0,1
EXXONMOBIL OIL CORP - WEST COAST,1.3,0
"PETROLOGISTICS OLEFINS, LLC",0,9
"BUCKEYE PARTNERS, LP",0.24,0
"KINDER MORGAN LIQUID TERMINALS, LLC",1,0
ENTERPRISE CRUDE PIPELINE LLC,52,0
"CCPS TRANSPORTATION, LLC",0.17,0.07
MCCAIN PIPELINE COMPANY,1,0
EXPLORER PIPELINE CO,30,0
"BUCKEYE PARTNERS, LP",0.95,0
COLONIAL PIPELINE CO,0.1,0
"MAGELLAN AMMONIA PIPELINE, L.P.",0,5
"NUSTAR LOGISTICS, L.P.",16.1,0
"OILTANKING, HOUSTON LP",50,0
CITGO PETROLEUM CORPORATION (REFINERY),0,2.9
"BUCKEYE PARTNERS, LP",0.12,0
ROSE ROCK MIDSTREAM L.P.,1,2
"MAGELLAN TERMINALS HOLDINGS, LP",5,0
"KINDER MORGAN LIQUID TERMINALS, LLC",0.59,0
MARATHON PIPE LINE LLC,0.7,0
ENTERPRISE CRUDE PIPELINE LLC,2,1
EXPLORER PIPELINE CO,0.28,0
SUNOCO PIPELINE L.P.,0,4
"BUCKEYE PARTNERS, LP",0.24,0
"ENBRIDGE ENERGY, LIMITED PARTNERSHIP",33.33,0
MARATHON PIPE LINE LLC,0.2,0
"PLAINS PIPELINE, L.P.",2,0
MID - VALLEY PIPELINE CO,0.36,0
MOBIL  PIPE  LINE COMPANY,1.3,0
KINDER MORGAN COCHIN LLC,0,253
ENBRIDGE PIPELINES (NORTH DAKOTA) LLC,1.5,0
"KINDER MORGAN LIQUID TERMINALS, LLC",0.83,0
EXXONMOBIL PIPELINE CO,0.57,0
"ENBRIDGE ENERGY, LIMITED PARTNERSHIP",0.6,0
COLONIAL PIPELINE CO,0.2,0
COLONIAL PIPELINE CO,4.1,0.4
"SHELL PIPELINE CO., L.P.",0.69,0
ENTERPRISE CRUDE PIPELINE LLC,0,0.48
NUSTAR PIPELINE OPERATING PARTNERSHIP L.P.,0,0.92
ENTERPRISE CRUDE PIPELINE LLC,2,0
ENBRIDGE PIPELINES (NORTH DAKOTA) LLC,1,0
SUNOCO PIPELINE L.P.,0.5,0
ENTERPRISE PRODUCTS OPERATING LLC,0,1
WEST TEXAS GULF PIPELINE CO,0,1
MARATHON PIPE LINE LLC,539,0
ENTERPRISE CRUDE PIPELINE LLC,3,0
"BUCKEYE PARTNERS, LP",0.5,0.5
LOOP LLC,7.6,0
SUNOCO PIPELINE L.P.,1.5,0.5
NUSTAR PIPELINE OPERATING PARTNERSHIP L.P.,0,0.38
ENTERPRISE PRODUCTS OPERATING LLC,0,1
COLONIAL PIPELINE CO,4.1,0
MID - VALLEY PIPELINE CO,0.23,0
"HARVEST-MARKS PIPELINE, LLC",55,70
MARATHON PIPE LINE LLC,0,0.7
PHILLIPS 66 PIPELINE LLC,0.27,0
"BUCKEYE PARTNERS, LP",0.75,0.61
"MAGELLAN AMMONIA PIPELINE, L.P.",0,2.39
ENBRIDGE PIPELINES (OZARK) L.L.C.,2071,175
ENTERPRISE CRUDE PIPELINE LLC,0.2,0
ENTERPRISE CRUDE PIPELINE LLC,0.5,0
"PLAINS MARKETING, L.P.",2,0
SUNOCO PIPELINE L.P.,5.3,0
ROSE ROCK MIDSTREAM L.P.,1,0
ENTERPRISE CRUDE PIPELINE LLC,1,0
"KINDER MORGAN LIQUID TERMINALS, LLC",3,0
"MAGELLAN PIPELINE COMPANY, LP",0.12,0
"KINDER MORGAN LIQUID TERMINALS, LLC",0.6,0
ENTERPRISE CRUDE PIPELINE LLC,0.7,0
SINCLAIR TRANSPORTATION COMPANY,0.5,0
MARATHON PIPE LINE LLC,0.2,0
"KINDER MORGAN LIQUID TERMINALS, LLC",1,0
DCP MIDSTREAM,0,0.8
DOUBLE EAGLE PIPELINE LLC,0.4,0
CHEVRON PIPE LINE CO,10,0
ENTERPRISE PRODUCTS OPERATING LLC,0,200
BELLE FOURCHE PIPELINE CO,130,5
"MAGELLAN PIPELINE COMPANY, LP",0.74,0
CITGO PRODUCTS PIPELINE CO,42,158
JAYHAWK PIPELINE LLC,0,3.7
"ENBRIDGE ENERGY, LIMITED PARTNERSHIP",0,0.48
ENTERPRISE CRUDE PIPELINE LLC,0.71,0
"ENBRIDGE ENERGY, LIMITED PARTNERSHIP",0.6,0
WEST TEXAS GULF PIPELINE CO,7,0
WEST TEXAS GULF PIPELINE CO,1,0
TRANSPETCO TRANSPORT CO.,0,26
"HOLLY ENERGY PARTNERS - OPERATING, L.P.",1119,3034
ALYESKA PIPELINE SERVICE CO,0.52,0
EXXONMOBIL OIL CORP - WEST COAST,15.5,0
"KINDER MORGAN LIQUID TERMINALS, LLC",0.24,0.24
COLONIAL PIPELINE CO,2.2,0
MARATHON PIPE LINE LLC,0.2,0
WEST TEXAS GULF PIPELINE CO,0.48,0
ENTERPRISE CRUDE PIPELINE LLC,1.5,0
COLONIAL PIPELINE CO,0.3,0
COLONIAL PIPELINE CO,1.83,0
COLONIAL PIPELINE CO,0.1,0.3
"PLAINS PIPELINE, L.P.",20,0
SUNOCO PIPELINE L.P.,90,60
VALERO TERMINALING AND DISTRIBUTION COMPANY,21,0
"HOLLY ENERGY PARTNERS - OPERATING, L.P.",0,1
ROSE ROCK MIDSTREAM L.P.,84,1
"KINDER MORGAN LIQUID TERMINALS, LLC",0.28,0
CHEVRON U.S.A. INC,0,0.01
"PLAINS PIPELINE, L.P.",220,0
"MAGELLAN AMMONIA PIPELINE, L.P.",0,18.18
"MAGELLAN AMMONIA PIPELINE, L.P.",0,5
PHILLIPS 66 PIPELINE LLC,11,400
"KOCH PIPELINE COMPANY, L.P.",1.6,0
"MAGELLAN PIPELINE COMPANY, LP",0.47,0
CENEX PIPELINE LLC,820,50
EXPLORER PIPELINE CO,2,0
JAYHAWK PIPELINE LLC,0,0.9
PHILLIPS 66 PIPELINE LLC,0.34,0
"MAGELLAN PIPELINE COMPANY, LP",1,0
SUNOCO PIPELINE L.P.,0.1,0
"KINDER MORGAN LIQUID TERMINALS, LLC",0,0.02
ENTERPRISE PRODUCTS OPERATING LLC,1.9,0
ENBRIDGE PIPELINES (NORTH DAKOTA) LLC,2,0
COLONIAL PIPELINE CO,5.9,0.8
"NUSTAR LOGISTICS, L.P.",1,0
CHEVRON PETROCHEMICAL PIPELINE LLC,0,0
"PLAINS PIPELINE, L.P.",4,0
"CCPS TRANSPORTATION, LLC",2,0
"ENBRIDGE ENERGY, LIMITED PARTNERSHIP",3.33,0
ENTERPRISE CRUDE PIPELINE LLC,50,0
ENBRIDGE PIPELINES (NORTH DAKOTA) LLC,0.25,0
THE DOW CHEMICAL COMPANY,0.2,0
"PLAINS PIPELINE, L.P.",125,0
KINDER MORGAN COCHIN LLC,0,0
BP PIPELINE (NORTH AMERICA) INC.,535,0
ENTERPRISE PRODUCTS OPERATING LLC,1.2,0
KINDER MORGAN CO2 CO. LP,0,2.8
TESORO HIGH PLAINS PIPELINE COMPANY LLC,5856,14744
COLONIAL PIPELINE CO,28.4,0
"MAGELLAN TERMINALS HOLDINGS, LP",0.47,0
"PLAINS PIPELINE, L.P.",2,0
ENERGY TRANSFER COMPANY,0,12.5
ENTERPRISE PRODUCTS OPERATING LLC,0,0.1
"PETROLOGISTICS OLEFINS, LLC",0,5
ENTERPRISE PRODUCTS OPERATING LLC,0,0.2
"KINDER MORGAN LIQUID TERMINALS, LLC",80,0
EXXONMOBIL OIL CORP - WEST COAST,10.65,0
"ENBRIDGE ENERGY, LIMITED PARTNERSHIP",160,0
ENTERPRISE PRODUCTS OPERATING LLC,0.7,0
TESORO LOGISTICS OPERATIONS LLC - SOUTHERN CALIFORNIA,130,0
"KOCH PIPELINE COMPANY, L.P.",0.24,0
MID - VALLEY PIPELINE CO,2,0
"BUCKEYE PARTNERS, LP",2.5,0
"SFPP, LP",1.36,0
SUNOCO PIPELINE L.P.,0,0.5
EXXONMOBIL PIPELINE CO,0.48,0
COLONIAL PIPELINE CO,0.6,0
ENTERPRISE PRODUCTS OPERATING LLC,0,18400
"MAGELLAN PIPELINE COMPANY, LP",7.6,0
"MARKWEST LIBERTY MIDSTREAM & RESOURCES, LLC",0,11405
"BUCKEYE PARTNERS, LP",1.83,0.02
TESORO HIGH PLAINS PIPELINE COMPANY LLC,118,0
EXPLORER PIPELINE CO,0.38,0
ENTERPRISE PRODUCTS OPERATING LLC,0,0
ENTERPRISE CRUDE PIPELINE LLC,3,0
"MAGELLAN AMMONIA PIPELINE, L.P.",0,5.23
"PLAINS PIPELINE, L.P.",6,0
PHILLIPS 66 PIPELINE LLC,490,1
SUNOCO PIPELINE L.P.,0.95,0
DCP MIDSTREAM,0,12
HOUSTON REFINING LP.,10,0
"KINDER MORGAN LIQUID TERMINALS, LLC",6,0
"MAGELLAN PIPELINE COMPANY, LP",0.47,0
ENTERPRISE PRODUCTS OPERATING LLC,0.6,0
"MAGELLAN PIPELINE COMPANY, LP",0,17
MARATHON PIPE LINE LLC,273,0
"MAGELLAN PIPELINE COMPANY, LP",1,0
"PLAINS PIPELINE, L.P.",0.5,0
"BUCKEYE PARTNERS, LP",0.69,0.12
"NUSTAR LOGISTICS, L.P.",817,1935
HFOTCO LLC,20,0
SUNOCO PIPELINE L.P.,1,0
COLONIAL PIPELINE CO,4.9,0.8
CRIMSON PIPELINE L.P.,5,5
ENTERPRISE CRUDE PIPELINE LLC,150,0
"PLAINS PIPELINE, L.P.",6,0
"PLAINS PIPELINE, L.P.",0.6,0
"HOLLY ENERGY PARTNERS - OPERATING, L.P.",0,2491
NUSTAR TERMINALS OPERATIONS PARTNERSHIP L. P.,1.43,2.38
ENTERPRISE PRODUCTS OPERATING LLC,0,4
"ONEOK NGL PIPELINE, LLC",0,4
ENTERPRISE PRODUCTS OPERATING LLC,0,0.04
"MAGELLAN AMMONIA PIPELINE, L.P.",0,16.43
"MAGELLAN AMMONIA PIPELINE, L.P.",0,4.52
ENTERPRISE PRODUCTS OPERATING LLC,0,0.2
SUNOCO PIPELINE L.P.,0,5
"BUCKEYE PARTNERS, LP",0,3.5
"KINDER MORGAN LIQUID TERMINALS, LLC",1,0
"MARKWEST MICHIGAN PIPELINE, LLC",2.45,0
"MARKWEST MICHIGAN PIPELINE, LLC",5.65,0
"CCPS TRANSPORTATION, LLC",0.12,0
PHILLIPS 66 PIPELINE LLC,26,8
ENTERPRISE CRUDE PIPELINE LLC,0,0
ENTERPRISE CRUDE PIPELINE LLC,10,0
EXPLORER PIPELINE CO,3.48,0
ENTERPRISE CRUDE PIPELINE LLC,1,0
SUNOCO PIPELINE L.P.,20,10
CRIMSON PIPELINE L.P.,490,10
"ONEOK NGL PIPELINE, LLC",0,13
"GENESIS PIPELINE USA, L.P.",0.36,0
EXXONMOBIL OIL CORPORATION-TERMINALS,113,20
MOBIL PACIFIC PIPELINE CO,6,0
"GENESIS FREE STATE PIPELINE, LLC",0,0.1
EXPLORER PIPELINE CO,0.8,0
"BUCKEYE PARTNERS, LP",0.07,0
PHILLIPS 66 PIPELINE LLC,0.76,0
"HOLLY ENERGY PARTNERS - OPERATING, L.P.",0,20
KINDER MORGAN WINK PIPELINE LP,0.5,1.25
ROSE ROCK MIDSTREAM L.P.,0,7
"PLAINS PIPELINE, L.P.",0.48,0
ENERGY TRANSFER COMPANY,0,8
"SHELL PIPELINE CO., L.P.",0.24,0
PHILLIPS 66 PIPELINE LLC,0.16,0
"KOCH PIPELINE COMPANY, L.P.",393,7
EXPLORER PIPELINE CO,1.17,0
BP USFO/LOGISTICS,0,0.08
ENBRIDGE PIPELINES (NORTH DAKOTA) LLC,5,0
"MAGELLAN PIPELINE COMPANY, LP",0,21
"MAGELLAN TERMINALS HOLDINGS, LP",2.25,0
ENBRIDGE PIPELINES (NORTH DAKOTA) LLC,9,0
"ONEOK NGL PIPELINE, LLC",2.8,0
EXPLORER PIPELINE CO,0.5,0
MOBIL CORP,0,1.2
"PLAINS PIPELINE, L.P.",10,0
"ENBRIDGE ENERGY, LIMITED PARTNERSHIP",0.24,0
"PLAINS PIPELINE, L.P.",1.7,0
"KINDER MORGAN LIQUID TERMINALS, LLC",0.5,0.5
SUNOCO PIPELINE L.P.,0,1
ENBRIDGE ENERGY MARKETING LLC,1,0
CHEVRON PIPE LINE CO,0,4357
SUNOCO PIPELINE L.P.,0,7
ENTERPRISE PRODUCTS OPERATING LLC,0.23,0
PHILLIPS 66 PIPELINE LLC,0.2,0
"HARVEST-MARKS PIPELINE, LLC",1,2
ROSE ROCK MIDSTREAM L.P.,125,0
ENTERPRISE CRUDE PIPELINE LLC,0.2,0
ENTERPRISE CRUDE PIPELINE LLC,3,0
"CHAPARRAL ENERGY, LLC",0,17.8
MARATHON PIPE LINE LLC,20,0
PHILLIPS 66 PIPELINE LLC,160,0
ENTERPRISE CRUDE PIPELINE LLC,20,0
"KOCH PIPELINE COMPANY, L.P.",0.22,0
"THUNDER BASIN PIPELINE, LLC",0,15
SUNOCO PIPELINE L.P.,0.24,0
"KOCH PIPELINE COMPANY, L.P.",0.18,0
"MAGELLAN PIPELINE COMPANY, LP",3.7,0
"MAGELLAN AMMONIA PIPELINE, L.P.",0,0.01
SUNOCO PIPELINE L.P.,7,0
MARATHON PIPE LINE LLC,0.1,0
"PLAINS PIPELINE, L.P.",30,0
"MAGELLAN TERMINALS HOLDINGS, LP",0.71,0
JAYHAWK PIPELINE LLC,100,42.5
"PLAINS PIPELINE, L.P.",20,0
"PLAINS PIPELINE, L.P.",0.48,0
PHILLIPS 66 PIPELINE LLC,200,0
"BUCKEYE PARTNERS, LP",0,2.97
NAVAJO NATION OIL AND GAS COMPANY,2,1
JAYHAWK PIPELINE LLC,30,37
SUNOCO PIPELINE L.P.,0.24,0
"WESTERN REFINING SOUTHWEST, INC",13,2
MID - VALLEY PIPELINE CO,0.24,0
ENBRIDGE PIPELINES (OZARK) L.L.C.,3.5,0.25
ENTERPRISE CRUDE PIPELINE LLC,3500,0
SUNOCO PIPELINE L.P.,0.24,0
SUNOCO PIPELINE L.P.,41,97
SUNOCO PIPELINE L.P.,14,33
"MAGELLAN TERMINALS HOLDINGS, LP",3,0
MARATHON PIPE LINE LLC,50,0
ENTERPRISE PRODUCTS OPERATING LLC,0,716
"ENBRIDGE ENERGY, LIMITED PARTNERSHIP",1,0
"ONEOK NGL PIPELINE, LLC",0,2.9
"SHELL PIPELINE CO., L.P.",440,0
DCP MIDSTREAM,0,45
"BUCKEYE PARTNERS, LP",0.36,0
COLONIAL PIPELINE CO,14.6,0
"ENERGY XXI PIPELINE, LLC",1,0
"BUCKEYE PARTNERS, LP",58,7
"BUCKEYE PARTNERS, LP",0.24,0
COLONIAL PIPELINE CO,0.6,0
"SHELL PIPELINE CO., L.P.",5,0
COLONIAL PIPELINE CO,1047.6,190.5
"EXPRESS HOLDINGS (USA), LLC",1.3,0
ROSE ROCK MIDSTREAM L.P.,2,0
"MAGELLAN PIPELINE COMPANY, LP",30,0
"BUCKEYE PARTNERS, LP",0.21,2.19
NATIONAL COOP REFINERY ASSCO,100,10
PLANTATION PIPE LINE CO,0.79,0
"COFFEYVILLE RESOURCES CRUDE TRANSPORTATION, LLC",5,0
"MAGELLAN PIPELINE COMPANY, LP",0.21,2.17
PHILLIPS 66 PIPELINE LLC,0.5,0
"PLAINS PIPELINE, L.P.",186,0
SUNOCO PIPELINE L.P.,10,5
BP USFO/LOGISTICS,0.1,0
PHILLIPS 66 PIPELINE LLC,0.9,0
ROSE ROCK MIDSTREAM L.P.,20,15
"OILTANKING, HOUSTON LP",0.6,0
NATIONAL COOP REFINERY ASSCO,0,0.24
NATIONAL COOP REFINERY ASSCO,0,0.24
"KINDER MORGAN LIQUID TERMINALS, LLC",0.12,0
"BKEP PIPELINE, LLC",25,0
ENTERPRISE CRUDE PIPELINE LLC,60,0
"ENBRIDGE ENERGY, LIMITED PARTNERSHIP",3,0
"ONEOK NGL PIPELINE, LLC",0,2.5
"PLAINS PIPELINE, L.P.",0.5,0
PHILLIPS 66 PIPELINE LLC,0,0.36
SUNOCO PIPELINE L.P.,267,133
"MAGELLAN PIPELINE COMPANY, LP",0.5,0
ENTERPRISE CRUDE PIPELINE LLC,0.25,0
NATIONAL COOP REFINERY ASSCO,0,0.24
"MAGELLAN PIPELINE COMPANY, LP",2,0
ENTERPRISE CRUDE PIPELINE LLC,2,0
"WESTERN REFINING SOUTHWEST, INC",0.5,0.5
WEST SHORE PIPELINE CO,0.88,0.12
COLONIAL PIPELINE CO,16.69,3.31
CHEVRON PIPE LINE CO,0.12,0
CENTURION PIPELINE L.P.,450,25
"BUCKEYE PARTNERS, LP",12,0
"ONEOK NGL PIPELINE, LLC",0,1
"PLAINS PIPELINE, L.P.",0.48,0
"BUCKEYE PARTNERS, LP",0.24,0
COLONIAL PIPELINE CO,1,0.1
"BUCKEYE PARTNERS, LP",0.24,0
"ENBRIDGE ENERGY, LIMITED PARTNERSHIP",5,0
ENTERPRISE PRODUCTS OPERATING LLC,0.02,0
COLONIAL PIPELINE CO,0.13,0
"BUCKEYE PARTNERS, LP",17,0.97
"SHELL PIPELINE CO., L.P.",20,0
"ONEOK NGL PIPELINE, LLC",0,321.5
"PLAINS PIPELINE, L.P.",5,0
EXPLORER PIPELINE CO,0.2,0
"BUCKEYE PARTNERS, LP",7.14,0
TARGA RESOURCES OPERATING LLC,800,0
"ENBRIDGE ENERGY, LIMITED PARTNERSHIP",0.24,0
MOBIL  PIPE  LINE COMPANY,0.26,0
"PLAINS PIPELINE, L.P.",10,0
ENTERPRISE PRODUCTS OPERATING LLC,0.28,0
"MAGELLAN PIPELINE COMPANY, LP",7.3,0
PHILLIPS 66 PIPELINE LLC,3.5,0
MID - VALLEY PIPELINE CO,0.17,0
ENTERPRISE PRODUCTS OPERATING LLC,0,2.5
CHEVRON PRODUCTS COMPANY - HAWAII,3,0
SUNOCO PIPELINE L.P.,0,0.48
MARATHON PIPE LINE LLC,0.2,0
WESTERN REFINING PIPELINE COMPANY,2.5,1.5
TESORO HIGH PLAINS PIPELINE COMPANY LLC,65,0
"PACIFIC COAST ENERGY COMPANY, LP",12,3
"BKEP PIPELINE, LLC",1.5,0
MID - VALLEY PIPELINE CO,0.9,0
COLONIAL PIPELINE CO,0.3,0
"PLAINS PIPELINE, L.P.",12,0
MOBIL CORP,0,0.54
SUNOCO PIPELINE L.P.,10,5
"BKEP PIPELINE, LLC",0,5
GLASS MOUNTAIN PIPELINE,25,5
MID - VALLEY PIPELINE CO,1,0
SUNOCO PIPELINE L.P.,10,10
"ENBRIDGE ENERGY, LIMITED PARTNERSHIP",747.7,0
"BKEP PIPELINE, LLC",1,0
ENTERPRISE CRUDE PIPELINE LLC,1.5,0
PHILLIPS 66 PIPELINE LLC,0,0.4
"SHELL PIPELINE CO., L.P.",238,0
SUNOCO PIPELINE L.P.,2.8,0.2
TRI-STATES NGL PIPELINE LLC,0,3
ENTERPRISE PRODUCTS OPERATING LLC,0,0.6
"MAGELLAN PIPELINE COMPANY, LP",0.4,0
"BUCKEYE PARTNERS, LP",0.12,0
"FRONT RANGE PIPELINE, LLC.",1.25,0
"BUCKEYE PARTNERS, LP",0.29,0.42
"CALUMET MONTANA REFINING, LLC",0,1
"PLAINS PIPELINE, L.P.",15,0
"SHELL PIPELINE CO., L.P.",364,0
"BUCKEYE PARTNERS, LP",0.24,0
NORTH DAKOTA PIPELINE COMPANY LLC,3,0
"HOLLY ENERGY PARTNERS - OPERATING, L.P.",29,1
"MAGELLAN TERMINALS HOLDINGS, LP",0.93,0.07
PHILLIPS 66 PIPELINE LLC,361,0
CITGO PETROLEUM CORPORATION (TERMINALS),11,0
COLONIAL PIPELINE CO,8.2,0
"PLAINS PIPELINE, L.P.",0.24,0
TESORO HIGH PLAINS PIPELINE COMPANY LLC,5,0
"BUCKEYE PARTNERS, LP",16.62,8.38
"BUCKEYE PARTNERS, LP",5,0
SUNOCO PIPELINE L.P.,0.48,0.27
"MAGELLAN AMMONIA PIPELINE, L.P.",0,2
"GENESIS PIPELINE USA, L.P.",0.5,0
NATIONAL COOP REFINERY ASSCO,0,2
WOLVERINE PIPELINE CO,55,9
PHILLIPS 66 PIPELINE LLC,1.55,0
PHILLIPS 66 PIPELINE LLC,39,0
MID - VALLEY PIPELINE CO,442,8
PLANTATION PIPE LINE CO,0.24,0
"PLAINS PIPELINE, L.P.",4,0
"ROADRUNNER PIPELINE, L.L.C.",1,1.5
"MAGELLAN PIPELINE COMPANY, LP",0.47,0.03
"JP ENERGY MARKETING, LLC",34.5,0.5
"HILAND CRUDE, LLC",375,100
NORTH DAKOTA PIPELINE COMPANY LLC,200,0
ENERGY TRANSFER COMPANY,0,3992
PLANTATION PIPE LINE CO,16.2,24.8
"KOCH PIPELINE COMPANY, L.P.",0.44,0
MID - VALLEY PIPELINE CO,2,0
"BKEP PIPELINE, LLC",590,60
PLANTATION PIPE LINE CO,17.85,0
"ENBRIDGE ENERGY, LIMITED PARTNERSHIP",7,0
ENTERPRISE PRODUCTS OPERATING LLC,0,0.08
SUNOCO PIPELINE L.P.,1,0
SUNOCO PIPELINE L.P.,3.9,0.1
KINDER MORGAN CRUDE AND CONDENSATE LLC,4.5,0
WEST SHORE PIPELINE CO,1,0
ENTERPRISE CRUDE PIPELINE LLC,20,0
ENTERPRISE PRODUCTS OPERATING LLC,0.24,0
ENTERPRISE PRODUCTS OPERATING LLC,0.71,0
PHILLIPS 66 PIPELINE LLC,1.12,0
"MAGELLAN AMMONIA PIPELINE, L.P.",0,31.42
CENTRAL FLORIDA PIPELINE CORP,0.23,0
ROSE ROCK MIDSTREAM L.P.,155,5
SUNOCO PIPELINE L.P.,0,3
PHILLIPS 66 PIPELINE LLC,0,0.19
"BUCKEYE PARTNERS, LP",0.36,0.12
MID - VALLEY PIPELINE CO,1,0
BUTTE PIPELINE CO,1,1
HARVEST PIPELINE COMPANY,0,2
COLONIAL PIPELINE CO,0.79,0
"KOCH PIPELINE COMPANY, L.P.",0.58,0.02
SINCLAIR TRANSPORTATION COMPANY,0,80
"MAGELLAN PIPELINE COMPANY, LP",1.07,0
COLONIAL PIPELINE CO,0.48,0
"PLAINS PIPELINE, L.P.",49,0
ENTERPRISE CRUDE PIPELINE LLC,4.5,0
GLASS MOUNTAIN PIPELINE,0,0.35
KIANTONE PIPELINE CORP,1.9,0.1
"PLAINS PIPELINE, L.P.",500,0
KINDER MORGAN WINK PIPELINE LP,0,173
"PLAINS PIPELINE, L.P.",1,0
"BUCKEYE PARTNERS, LP",2.74,2.26
"ENBRIDGE ENERGY, LIMITED PARTNERSHIP",0.36,0
ENTERPRISE PRODUCTS OPERATING LLC,0,0.01
MID - VALLEY PIPELINE CO,2,1
PHILLIPS 66 PIPELINE LLC,0.9,0
"SHELL PIPELINE CO., L.P.",3,0
ENTERPRISE CRUDE PIPELINE LLC,100,0
WEST TEXAS GULF PIPELINE CO,9,3
SUNOCO PIPELINE L.P.,2.9,0.1
COLONIAL PIPELINE CO,4.7,0
"BUCKEYE PARTNERS, LP",0.95,0
WEST TEXAS GULF PIPELINE CO,0,0.5
"DELEK LOGISTICS OPERATING, LLC.",223,177
WYOMING PIPELINE COMPANY,0,1
PHILLIPS 66 PIPELINE LLC,0.36,0
ENTERPRISE CRUDE PIPELINE LLC,0.2,0
"PLAINS PIPELINE, L.P.",65,0
LACLEDE GAS CO,0,0.05
"HOLLY ENERGY PARTNERS - OPERATING, L.P.",4,1
"HOLLY ENERGY PARTNERS - OPERATING, L.P.",1,4
MOBIL CHEMICAL CO,0,4.5
"KINDER MORGAN LIQUID TERMINALS, LLC",0.54,0
MARATHON PIPE LINE LLC,0.9,0
"PETROLOGISTICS OLEFINS, LLC",0,7
"MAGELLAN PIPELINE COMPANY, LP",0.71,0
ENTERPRISE CRUDE PIPELINE LLC,400,0
"ONEOK NGL PIPELINE, LLC",0,176
ENTERPRISE CRUDE PIPELINE LLC,4,0
KINDER MORGAN CO2 CO. LP,0,2066
"KINDER MORGAN LIQUID TERMINALS, LLC",0,0.01
ENTERPRISE CRUDE PIPELINE LLC,0.2,0
"PLAINS PIPELINE, L.P.",1.5,0
KINDER MORGAN WINK PIPELINE LP,0,3
SINCLAIR TRANSPORTATION COMPANY,270,0
JAYHAWK PIPELINE LLC,2.1,0.8
"HOLLY ENERGY PARTNERS - OPERATING, L.P.",10,0
SKEISUI SPECIALTY CHEMICALS AMERICA,298.78,445.27
EXPLORER PIPELINE CO,0.2,0
"GEL OFFSHORE PIPELINE, LLC",0,0.1
PLANTATION PIPE LINE CO,163,445
"PLAINS PIPELINE, L.P.",4,0
"PLAINS PIPELINE, L.P.",0.26,0
EXPLORER PIPELINE CO,2.5,0
"PLAINS PIPELINE, L.P.",331,0
"MAGELLAN PIPELINE COMPANY, LP",0,0.6
"GENESIS PIPELINE USA, L.P.",20,0
WYOMING PIPELINE COMPANY,34,1
SUNOCO PIPELINE L.P.,0,2
"PLAINS PIPELINE, L.P.",0.19,0
EXPLORER PIPELINE CO,250,0
ENTERPRISE PRODUCTS OPERATING LLC,1,0
CHEMOIL TERMINALS CORP.,600,389
"HOLLY ENERGY PARTNERS - OPERATING, L.P.",103,787
CHEVRON PIPE LINE CO,0.24,0
"PLAINS PIPELINE, L.P.",110,40
MOBIL  PIPE  LINE COMPANY,0.48,0
"GENESIS PIPELINE TEXAS, L.P.",1,0
"SHELL PIPELINE CO., L.P.",2,0
COLONIAL PIPELINE CO,15.88,0
BP PIPELINE (NORTH AMERICA) INC.,0.71,0
MARATHON PIPE LINE LLC,84,0
"MAGELLAN PIPELINE COMPANY, LP",0,0.2
"SHELL PIPELINE CO., L.P.",0.48,0
MARATHON PIPE LINE LLC,0,0
MARATHON PIPE LINE LLC,7.1,0
"SHELL PIPELINE CO., L.P.",0.5,0
JAYHAWK PIPELINE LLC,10,10.7
"KOCH PIPELINE COMPANY, L.P.",22,3
PHILLIPS 66 PIPELINE LLC,0,3.5
"MAGELLAN PIPELINE COMPANY, LP",0,0.6
"MAGELLAN AMMONIA PIPELINE, L.P.",0,2.85
WYOMING PIPELINE COMPANY,0,0.5
COLONIAL PIPELINE CO,1.6,0
COLONIAL PIPELINE CO,0.3,0
"BUCKEYE PARTNERS, LP",3.3,8.6
"SFPP, LP",7,0.2
NUSTAR TERMINALS OPERATIONS PARTNERSHIP L. P.,37,0
DCP MIDSTREAM,0,473
"BKEP PIPELINE, LLC",0.5,0
FREEPORT-MCMORAN OIL & GAS,0,0.12
PHILLIPS 66 PIPELINE LLC,0.35,0
VALERO REFINING COMPANY - CALIFORNIA,22,0
"ENBRIDGE ENERGY, LIMITED PARTNERSHIP",3,0
MARATHON PIPE LINE LLC,348,298
COLONIAL PIPELINE CO,0.3,0
KINDER MORGAN COCHIN LLC,23,0
HOUSTON REFINING LP.,67.82,0
"CHAPARRAL ENERGY, LLC",0,1
"MAGELLAN AMMONIA PIPELINE, L.P.",0,4.2
"PLAINS PIPELINE, L.P.",10,0
TESORO SOCAL PIPELINE COMPANY LLC,225,0
"PLAINS PIPELINE, L.P.",10,0
"KINDER MORGAN LIQUID TERMINALS, LLC",0,0.06
"KINDER MORGAN LIQUID TERMINALS, LLC",0.67,0
ENTERPRISE PRODUCTS OPERATING LLC,0,0.1
"PLAINS PIPELINE, L.P.",3,0
ROSE ROCK MIDSTREAM L.P.,0,0.36
EXPLORER PIPELINE CO,10,0
ENTERPRISE CRUDE PIPELINE LLC,120,0
"HOLLY ENERGY PARTNERS - OPERATING, L.P.",500,0
"MAGELLAN PIPELINE COMPANY, LP",0.12,0
CENTURION PIPELINE L.P.,600,200
OLYMPIC PIPE LINE COMPANY,0.19,0
WILLIAMS FIELD SERVICES,350,0
COLONIAL PIPELINE CO,0.7,0
"MAGELLAN PIPELINE COMPANY, LP",0,0.2
"SHELL PIPELINE CO., L.P.",0,1.49
"PLAINS PIPELINE, L.P.",1,0
"PLAINS PIPELINE, L.P.",2.38,0
TC OIL PIPELINE OPERATIONS INC,1,0
MARATHON PIPE LINE LLC,0.8,0
CHEVRON MIDSTREAM PIPELINES LLC,0,0.02
"BUCKEYE PARTNERS, LP",0.05,0
"ONEOK NGL PIPELINE, LLC",0,14
"MAGELLAN TERMINALS HOLDINGS, LP",0.71,0
"WHITE CLIFFS PIPELINE, LLC",0,4
ENTERPRISE CRUDE PIPELINE LLC,0.2,0
ENTERPRISE CRUDE PIPELINE LLC,8,0
MOBIL PACIFIC PIPELINE CO,16,0
ENTERPRISE PRODUCTS OPERATING LLC,0.2,0
PHILLIPS 66 PIPELINE LLC,0,0.28
"MAGELLAN PIPELINE COMPANY, LP",3.3,6.7
MARATHON PIPE LINE LLC,0.2,0
ENTERPRISE CRUDE PIPELINE LLC,4,0
NORTH DAKOTA PIPELINE COMPANY LLC,0.21,0
EXPLORER PIPELINE CO,0.7,0
"KINDER MORGAN LIQUID TERMINALS, LLC",1.1,0
CENTRAL FLORIDA PIPELINE CORP,0.1,0
"EXPRESS HOLDINGS (USA), LLC",2,0
"MAGELLAN PIPELINE COMPANY, LP",5,1
ROSE ROCK MIDSTREAM L.P.,1.5,0.5
"ENBRIDGE ENERGY, LIMITED PARTNERSHIP",0.26,0
MOBIL  PIPE  LINE COMPANY,0.59,0
SINCLAIR TRANSPORTATION COMPANY,5,25
"MAGELLAN AMMONIA PIPELINE, L.P.",13.86,2.8
LOOP LLC,0,0.1
"ENBRIDGE ENERGY, LIMITED PARTNERSHIP",2.5,0
"MAGELLAN TERMINALS HOLDINGS, LP",0.35,0.01
SUNOCO PIPELINE L.P.,0,0.71
"BUCKEYE PARTNERS, LP",130,13
"MAGELLAN TERMINALS HOLDINGS, LP",0.2,0
"BUCKEYE PARTNERS, LP",0.24,0
PLANTATION PIPE LINE CO,338,581
PHILLIPS 66 PIPELINE LLC,0.17,0
COLONIAL PIPELINE CO,2.12,0
"ONEOK NGL PIPELINE, LLC",0,52
ENTERPRISE PRODUCTS OPERATING LLC,0,0.93
WYOMING PIPELINE COMPANY,0,1
ENTERPRISE CRUDE PIPELINE LLC,0.1,0
"MAGELLAN TERMINALS HOLDINGS, LP",1,0
ROSE ROCK MIDSTREAM L.P.,0,0.83
ENTERPRISE CRUDE PIPELINE LLC,2,0
"BP PIPELINES (ALASKA), INC",6,0
"BUCKEYE PARTNERS, LP",2.4,0
"TALLGRASS PONY EXPRESS PIPELINE, LLC",70,130
"KINDER MORGAN LIQUID TERMINALS, LLC",0,0.02
"PLAINS PIPELINE, L.P.",1,0
ENTERPRISE CRUDE PIPELINE LLC,2,0
BUTTE PIPELINE CO,3,2
"FIELDWOOD ENERGY, LLC",10,0
"KINDER MORGAN LIQUID TERMINALS, LLC",0.48,0
"KINDER MORGAN LIQUID TERMINALS, LLC",0,1.9
ROSE ROCK MIDSTREAM L.P.,39,1
"ONEOK NGL PIPELINE, LLC",0,3.4
ENTERPRISE CRUDE PIPELINE LLC,5,0
BELLE FOURCHE PIPELINE CO,10,5
"PLAINS PIPELINE, L.P.",30,0
KINDER MORGAN WINK PIPELINE LP,0,17.1
"KOCH PIPELINE COMPANY, L.P.",0.24,0
ENTERPRISE CRUDE PIPELINE LLC,0.2,0
KINDER MORGAN CRUDE AND CONDENSATE LLC,0.95,0
"MAGELLAN AMMONIA PIPELINE, L.P.",15.6,0
"SFPP, LP",12.76,0
EXXONMOBIL OIL CORP - WEST COAST,0.24,0
CHEVRON U.S.A. INC,0.02,0
PHILLIPS 66 PIPELINE LLC,2.13,0
ENTERPRISE PRODUCTS OPERATING LLC,250,0
ENTERPRISE PRODUCTS OPERATING LLC,0,1.2
PHILLIPS 66 PIPELINE LLC,0,1
EXXONMOBIL PIPELINE CO,6,9
SUNOCO PIPELINE L.P.,0,1.43
"KOCH PIPELINE COMPANY, L.P.",3.93,0
ENTERPRISE PRODUCTS OPERATING LLC,0,0.1
"PLAINS PIPELINE, L.P.",1,0
ENTERPRISE CRUDE PIPELINE LLC,128,0
DAKOTA GASIFICATION COMPANY,0,1
"WHITE CLIFFS PIPELINE, LLC",20,0
PHILLIPS 66 PIPELINE LLC,0,0.15
"BUCKEYE PARTNERS, LP",1,9
COLONIAL PIPELINE CO,0.45,0
"JP ENERGY MARKETING, LLC",95,20
"ENBRIDGE ENERGY, LIMITED PARTNERSHIP",21.4,0
ENTERPRISE CRUDE PIPELINE LLC,10,0
"KOCH PIPELINE COMPANY, L.P.",1,0
ENBRIDGE STORAGE (CUSHING) L.L.C.,8.9,0
WYOMING PIPELINE COMPANY,0.24,0
"KOCH PIPELINE COMPANY, L.P.",6,0.5
"KINDER MORGAN LIQUID TERMINALS, LLC",2.38,0
DCP MIDSTREAM,0,34.6
PHILLIPS 66 PIPELINE LLC,0.25,0.19
"MAGELLAN PIPELINE COMPANY, LP",0.2,0
ENTERPRISE PRODUCTS OPERATING LLC,0,0.1
"SFPP, LP",0.86,0
WYOMING PIPELINE COMPANY,45,0
PHILLIPS 66 PIPELINE LLC,0,0.13
SUNOCO PIPELINE L.P.,0,1
CHEVRON PETROCHEMICAL PIPELINE LLC,0,6
ENTERPRISE CRUDE PIPELINE LLC,3,0
KINDER MORGAN CRUDE AND CONDENSATE LLC,0.48,0
MID - VALLEY PIPELINE CO,4069,440
WYOMING PIPELINE COMPANY,0,3
"KINDER MORGAN LIQUID TERMINALS, LLC",1.5,0.5
SUNOCO PIPELINE L.P.,12,3
"MAGELLAN PIPELINE COMPANY, LP",0.71,0
ENTERPRISE CRUDE PIPELINE LLC,4,0
COLONIAL PIPELINE CO,0.25,0
WYOMING PIPELINE COMPANY,6,2
COLONIAL PIPELINE CO,2.4,0
ENTERPRISE PRODUCTS OPERATING LLC,0,0.6
COLONIAL PIPELINE CO,0.36,0
PHILLIPS 66 PIPELINE LLC,0,0.17
KINDER MORGAN CO2 CO. LP,0,90
"BLUE RACER MIDSTREAM, LLC",0,0
ROSE ROCK MIDSTREAM L.P.,1,1
SUNOCO PIPELINE L.P.,15,0
"ENBRIDGE ENERGY, LIMITED PARTNERSHIP",0.12,0
ENTERPRISE CRUDE PIPELINE LLC,1,0
MARATHON PIPE LINE LLC,40,0
SUNOCO PIPELINE L.P.,4,0
"ENBRIDGE ENERGY, LIMITED PARTNERSHIP",0.36,0
"PLAINS PIPELINE, L.P.",790,0
ENTERPRISE PRODUCTS OPERATING LLC,0,3216
"CALUMET MONTANA REFINING, LLC",0,0.24
OLYMPIC PIPE LINE COMPANY,7.49,0
CRIMSON PIPELINE L.P.,1.72,3.28
CALNEV PIPELINE CO,0.31,0
ENTERPRISE CRUDE PIPELINE LLC,0.3,0
EXPLORER PIPELINE CO,20,0
"PLAINS PIPELINE, L.P.",30,0
"SHELL PIPELINE CO., L.P.",2,0
CENTRAL FLORIDA PIPELINE CORP,0,0
"WESTERN REFINING PIPELINE, LLC",4.08,0.92
"TALLGRASS PONY EXPRESS PIPELINE, LLC",47.62,71.43
KINDER MORGAN CRUDE AND CONDENSATE LLC,0.63,0
"PLAINS MARKETING, L.P.",1,0
SUNOCO PIPELINE L.P.,1,0.5
"MAGELLAN PIPELINE COMPANY, LP",13,0
"BUCKEYE PARTNERS, LP",0.19,0
BUTTE PIPELINE CO,16,9
"BUCKEYE PARTNERS, LP",1.45,0
"WESTERN REFINING PIPELINE, LLC",58,4
EXPLORER PIPELINE CO,0.2,0
ENTERPRISE CRUDE PIPELINE LLC,0.4,0
"PLAINS PIPELINE, L.P.",50,0
"PLAINS PIPELINE, L.P.",2,0
"ONEOK NGL PIPELINE, LLC",0,0.24
"PLAINS PIPELINE, L.P.",4,0
"ENBRIDGE ENERGY, LIMITED PARTNERSHIP",5.95,0
KINDER MORGAN COCHIN LLC,0.42,0
PHILLIPS 66 PIPELINE LLC,0.55,0
KINDER MORGAN CO2 CO. LP,0,31.8
ENTERPRISE PRODUCTS OPERATING LLC,0.24,0
"ENBRIDGE ENERGY, LIMITED PARTNERSHIP",0,0
CENTURION PIPELINE L.P.,1,19
PLANTATION PIPE LINE CO,4978,3822
ENTERPRISE CRUDE PIPELINE LLC,35,0
KINDER MORGAN COCHIN LLC,5.7,0
"SFPP, LP",0.01,0
PHILLIPS 66 PIPELINE LLC,0.79,0
"BUCKEYE PARTNERS, LP",1,0
COLONIAL PIPELINE CO,2,20.6
PLANTATION PIPE LINE CO,0,0
"PLAINS PIPELINE, L.P.",1,0
"BUCKEYE PARTNERS, LP",0,0.12
WYOMING PIPELINE COMPANY,5,0
"TALLGRASS PONY EXPRESS PIPELINE, LLC",0,1.19
EXXONMOBIL PIPELINE CO,0.36,0
"BUCKEYE PARTNERS, LP",1.9,0.48
"PLAINS PIPELINE, L.P.",0.24,0
"KOCH PIPELINE COMPANY, L.P.",18.9,1.1
"HOLLY ENERGY PARTNERS - OPERATING, L.P.",0,0.5
"MAGELLAN PIPELINE COMPANY, LP",0.47,0
"MAGELLAN TERMINALS HOLDINGS, LP",6,0
MARATHON PIPE LINE LLC,0,0
WILLIAMS FIELD SERVICES,0,1924
MARATHON PIPE LINE LLC,0.6,8.8
"KINDER MORGAN LIQUID TERMINALS, LLC",99,1
EXXONMOBIL PIPELINE CO,9,0
ENTERPRISE PRODUCTS OPERATING LLC,0,181
"PLAINS PIPELINE, L.P.",435,65
PLANTATION PIPE LINE CO,0,9.52
"PLAINS PIPELINE, L.P.",1,0
"KINDER MORGAN LIQUID TERMINALS, LLC",1.9,0.1
ENTERPRISE CRUDE PIPELINE LLC,0.5,0
PHILLIPS 66 COMPANY - SWEENY REFINERY,0.24,0
ENTERPRISE CRUDE PIPELINE LLC,200,100
MID - VALLEY PIPELINE CO,95,5
ENBRIDGE PIPELINES (OZARK) L.L.C.,1,0
ENTERPRISE PRODUCTS OPERATING LLC,0,27123
"SFPP, LP",58.9,0
"ENBRIDGE ENERGY, LIMITED PARTNERSHIP",5,0
"TALLGRASS PONY EXPRESS PIPELINE, LLC",0,0.48
SUNOCO PIPELINE L.P.,0,30
"ONEOK NGL PIPELINE, LLC",0,1
"KOCH PIPELINE COMPANY, L.P.",17.5,2.5
ENTERPRISE CRUDE PIPELINE LLC,25,0
ENTERPRISE CRUDE PIPELINE LLC,0.2,0
"CRIMSON GULF, LLC",0.05,0
BRIDGER PIPELINE LLC,65,693
NORTH DAKOTA PIPELINE COMPANY LLC,0.06,0
MARATHON PIPE LINE LLC,0.7,0
CALNEV PIPELINE CO,0.89,2.68
EXXONMOBIL PIPELINE CO,1.75,0
ENTERPRISE CRUDE PIPELINE LLC,0.5,0
COLONIAL PIPELINE CO,0.88,0
"ONEOK NGL PIPELINE, LLC",0,6.9
"PLAINS MARKETING, L.P.",0.5,0
"ENBRIDGE ENERGY, LIMITED PARTNERSHIP",2,0
ASIG - HONOLULU,820,480
ENTERPRISE CRUDE PIPELINE LLC,3,0
"PLAINS PIPELINE, L.P.",2,0
BUTTE PIPELINE CO,2,0
ENTERPRISE PRODUCTS OPERATING LLC,0,0.1
HARVEST PIPELINE COMPANY,0,0.07
ENTERPRISE PRODUCTS OPERATING LLC,0,30565
"GENESIS PIPELINE USA, L.P.",0.4,0
"KINDER MORGAN LIQUID TERMINALS, LLC",0.63,0.48
ENTERPRISE PRODUCTS OPERATING LLC,0,24
"BUCKEYE PARTNERS, LP",0.24,0
MARATHON PIPE LINE LLC,0.4,0
COLONIAL PIPELINE CO,2.86,0
WEST TEXAS GULF PIPELINE CO,1,0
"JP ENERGY MARKETING, LLC",760,0
"ENBRIDGE ENERGY, LIMITED PARTNERSHIP",0.36,0
ENTERPRISE CRUDE PIPELINE LLC,35,0
"MAGELLAN PIPELINE COMPANY, LP",308,0
"ENBRIDGE ENERGY, LIMITED PARTNERSHIP",0.01,0
WYOMING PIPELINE COMPANY,0.5,0
"WESTERN REFINING PIPELINE, LLC",105,0
"MAGELLAN AMMONIA PIPELINE, L.P.",0,0.2
INLAND CORPORATION,0.71,0
"SHELL PIPELINE CO., L.P.",15,0
"HOLLY ENERGY PARTNERS - OPERATING, L.P.",0.9,0.1
PHILLIPS 66 PIPELINE LLC,0,0.38
"ENBRIDGE ENERGY, LIMITED PARTNERSHIP",0.01,0
ENTERPRISE CRUDE PIPELINE LLC,75,125
WILLIAMS FIELD SERVICES,0,51
ROSE ROCK MIDSTREAM L.P.,1,2
"MAGELLAN PIPELINE COMPANY, LP",2.9,0
"PLAINS PIPELINE, L.P.",2,0
"BUCKEYE PARTNERS, LP",0.24,0
MARATHON PIPE LINE LLC,112,48
MOTIVA ENTERPRISE LLC,2.5,0
ENBRIDGE STORAGE (CUSHING) L.L.C.,0.5,0
"PLAINS PIPELINE, L.P.",10,0
ENTERPRISE CRUDE PIPELINE LLC,0.2,0
PHILLIPS 66 PIPELINE LLC,2.97,0
WYOMING PIPELINE COMPANY,64.5,0.5
"SFPP, LP",0.11,0
"PLAINS PIPELINE, L.P.",81,4
WEST TEXAS GULF PIPELINE CO,15,15
KINDER MORGAN COCHIN LLC,0.45,0.17
COLONIAL PIPELINE CO,0.7,0
ENBRIDGE STORAGE (CUSHING) L.L.C.,0.18,0
ENTERPRISE CRUDE PIPELINE LLC,3,0
KINDER MORGAN CO2 CO. LP,0,23
SUNOCO PIPELINE L.P.,0.12,0
"BUCKEYE PARTNERS, LP",0,0.01
"ENBRIDGE ENERGY, LIMITED PARTNERSHIP",4.76,0
PHILLIPS 66 PIPELINE LLC,0,0.33
ENTERPRISE PRODUCTS OPERATING LLC,0,0.2
SUNOCO PIPELINE L.P.,297,0
PHILLIPS 66 PIPELINE LLC,0,0.48
EXXONMOBIL OIL CORP - WEST COAST,15,0
ENTERPRISE PRODUCTS OPERATING LLC,0,0.2
ENTERPRISE CRUDE PIPELINE LLC,1,0
EXXONMOBIL PIPELINE CO,80,0
"PLAINS PIPELINE, L.P.",90,10
"ENBRIDGE ENERGY, LIMITED PARTNERSHIP",0.19,0
BELLE FOURCHE PIPELINE CO,385,5
KINDER MORGAN WINK PIPELINE LP,0,12
"BUCKEYE PARTNERS, LP",84,0
"WHITE CLIFFS PIPELINE, LLC",0,0.1
"MAGELLAN PIPELINE COMPANY, LP",0.1,0.06
PHILLIPS 66 PIPELINE LLC,0,0.33
ENTERPRISE PRODUCTS OPERATING LLC,0.2,0
"MAGELLAN PIPELINE COMPANY, LP",20,5
"MAGELLAN PIPELINE COMPANY, LP",20,5
"TALLGRASS PONY EXPRESS PIPELINE, LLC",0,300
"ONEOK NGL PIPELINE, LLC",0,5
"BUCKEYE PARTNERS, LP",0.6,0
COLONIAL PIPELINE CO,23.1,0
DOUBLE H,0.3,0
"ENBRIDGE ENERGY, LIMITED PARTNERSHIP",0.24,0
ROSE ROCK MIDSTREAM L.P.,0,0.2
ENTERPRISE PRODUCTS OPERATING LLC,0,0.1
"BUCKEYE PARTNERS, LP",0.6,0
MARATHON PIPE LINE LLC,2,0
ENTERPRISE CRUDE PIPELINE LLC,1.5,0
EXXONMOBIL PIPELINE CO,0.71,0
MARATHON PIPE LINE LLC,52,28
MARATHON PIPE LINE LLC,0.5,0
"CCPS TRANSPORTATION, LLC",0.95,0
SUNOCO PIPELINE L.P.,8,0
ENTERPRISE PRODUCTS OPERATING LLC,0,3
"BUCKEYE PARTNERS, LP",0.21,0
WYOMING PIPELINE COMPANY,0.5,0
MARATHON PIPE LINE LLC,0.5,0
PHILLIPS 66 PIPELINE LLC,0.26,0
SUNOCO PIPELINE L.P.,0.4,0
SUNOCO PIPELINE L.P.,0.75,0.1
COLONIAL PIPELINE CO,2.4,0
ENTERPRISE PRODUCTS OPERATING LLC,1.4,0
"MAGELLAN PIPELINE COMPANY, LP",5,0
"ONEOK NGL PIPELINE, LLC",0,4.4
PHILLIPS 66 PIPELINE LLC,1.66,0
"PLAINS PIPELINE, L.P.",8,0
"MAGELLAN PIPELINE COMPANY, LP",2.38,0
JAYHAWK PIPELINE LLC,0.23,0.15
ENTERPRISE CRUDE PIPELINE LLC,3,0
HARVEST PIPELINE COMPANY,210,190
"SHELL PIPELINE CO., L.P.",0.36,0
ENTERPRISE CRUDE PIPELINE LLC,1,0
"KOCH PIPELINE COMPANY, L.P.",0,0.79
EXPLORER PIPELINE CO,4.48,0
SUNOCO PIPELINE L.P.,0.4,0
ENTERPRISE PRODUCTS OPERATING LLC,0,5
COLONIAL PIPELINE CO,62.9,0
COLONIAL PIPELINE CO,0.36,0
"WESTERN REFINING PIPELINE, LLC",50,0
EXPLORER PIPELINE CO,0.26,0
ALYESKA PIPELINE SERVICE CO,4.31,0
ENTERPRISE PRODUCTS OPERATING LLC,0,2.3
"PLAINS PIPELINE, L.P.",0.95,0
ENTERPRISE PRODUCTS OPERATING LLC,0,2535
ENTERPRISE CRUDE PIPELINE LLC,0.4,0
SUNOCO PIPELINE L.P.,0.3,0
ENTERPRISE CRUDE PIPELINE LLC,4,0
EXPLORER PIPELINE CO,0.62,0
"EXPRESS HOLDINGS (USA), LLC",0.2,0
ENTERPRISE CRUDE PIPELINE LLC,0.5,0
"ENBRIDGE ENERGY, LIMITED PARTNERSHIP",10,0
KINDER MORGAN WINK PIPELINE LP,0,0.45
PHILLIPS 66 PIPELINE LLC,0.71,0
"MAGELLAN PIPELINE COMPANY, LP",10,0
ENBRIDGE STORAGE (CUSHING) L.L.C.,0.24,0
COLONIAL PIPELINE CO,1.38,0.05
COLONIAL PIPELINE CO,0.45,0
"PLAINS PIPELINE, L.P.",25,0
MARATHON PIPE LINE LLC,4,0
"MAGELLAN PIPELINE COMPANY, LP",0.1,0
PETROLEUM FUEL AND TERMINAL COMPANY,0.24,0
MARATHON PIPE LINE LLC,0.6,0
"BUCKEYE PARTNERS, LP",0.24,0
ENTERPRISE CRUDE PIPELINE LLC,2,0
KINDER MORGAN CRUDE AND CONDENSATE LLC,0.48,0
PHILLIPS 66 PIPELINE LLC,3.7,0
"MAGELLAN PIPELINE COMPANY, LP",1773,88
NAVAJO NATION OIL AND GAS COMPANY,100,0
"CHAPARRAL ENERGY, LLC",0,4.5
"SHELL PIPELINE CO., L.P.",0.12,0
ENTERPRISE CRUDE PIPELINE LLC,0.2,0
SUNOCO PIPELINE L.P.,0,3
ENTERPRISE CRUDE PIPELINE LLC,0.4,0
"PLAINS PIPELINE, L.P.",4,0
ENTERPRISE CRUDE PIPELINE LLC,0.2,0
ENTERPRISE CRUDE PIPELINE LLC,445,0
SUNOCO PIPELINE L.P.,630,20
ENTERPRISE PRODUCTS OPERATING LLC,0,0.1
SUNOCO PIPELINE L.P.,0,0.1
"PLAINS PIPELINE, L.P.",1,0
"BUCKEYE PARTNERS, LP",0.59,0
MARATHON PIPE LINE LLC,0.8,0
ENTERPRISE CRUDE PIPELINE LLC,1,0
WEST SHORE PIPELINE CO,1,1
ENTERPRISE CRUDE PIPELINE LLC,0.2,0
"PLAINS PIPELINE, L.P.",1100,1834
ENTERPRISE CRUDE PIPELINE LLC,1.5,0
DCP MIDSTREAM,0,770
ENTERPRISE CRUDE PIPELINE LLC,10,0
MARATHON PIPE LINE LLC,5,0
"PLAINS PIPELINE, L.P.",1,0
"SFPP, LP",0.83,0
"SHELL PIPELINE CO., L.P.",1.66,6.2
ENTERPRISE CRUDE PIPELINE LLC,0.2,0
"MAGELLAN PIPELINE COMPANY, LP",172,0
COLONIAL PIPELINE CO,0.24,0
SUNOCO PIPELINE L.P.,17,3
ENERGY TRANSFER COMPANY,0,0.5
ALYESKA PIPELINE SERVICE CO,0.24,0
"PLAINS PIPELINE, L.P.",35,0
SUNOCO PIPELINE L.P.,50,10
NUSTAR PIPELINE OPERATING PARTNERSHIP L.P.,7.18,1.8
WEST TEXAS GULF PIPELINE CO,0.71,0
"PLAINS PIPELINE, L.P.",12.7,0
COLONIAL PIPELINE CO,0.26,0
PHILLIPS 66 PIPELINE LLC,0.91,0
COLONIAL PIPELINE CO,0.67,0
KINDER MORGAN WINK PIPELINE LP,0,1.5
"MAGELLAN PIPELINE COMPANY, LP",0.47,0
"ROADRUNNER PIPELINE, L.L.C.",0,0.25
WEST TEXAS GULF PIPELINE CO,0.5,0.5
"SHELL PIPELINE CO., L.P.",0.6,0
EXPLORER PIPELINE CO,0.18,0
WYOMING PIPELINE COMPANY,40,0
ENTERPRISE CRUDE PIPELINE LLC,0.4,0
MARATHON PIPE LINE LLC,3.5,0
"KINDER MORGAN LIQUID TERMINALS, LLC",3.57,0
SUNOCO PIPELINE L.P.,0,0.4
"BUCKEYE PARTNERS, LP",5.7,0
"KOCH PIPELINE COMPANY, L.P.",0,4.05
"ENBRIDGE ENERGY, LIMITED PARTNERSHIP",3,0
"ONEOK NGL PIPELINE, LLC",0,1609
"NUSTAR LOGISTICS, L.P.",0,8000
"NUSTAR LOGISTICS, L.P.",0,315
WYOMING PIPELINE COMPANY,0,2
WEST TEXAS GULF PIPELINE CO,3100,200
"SHELL PIPELINE CO., L.P.",0,4.71
VALERO REFINING-TEXAS L.P.,0,976
WYOMING PIPELINE COMPANY,0,1
COLONIAL PIPELINE CO,0.1,0
PHILLIPS 66 PIPELINE LLC,0,0.01
SUNOCO PIPELINE L.P.,0,0.36
"ONEOK NGL PIPELINE, LLC",0,6
"MAGELLAN PIPELINE COMPANY, LP",0.16,0
LOOP LLC,0,0.04
"WESTERN REFINING PIPELINE, LLC",682,0
PHILLIPS 66 PIPELINE LLC,260,0
ROSE ROCK MIDSTREAM L.P.,0.5,0
DOUBLE H,1.5,0
COLONIAL PIPELINE CO,0.12,0
"SHELL PIPELINE CO., L.P.",1,0
"KINDER MORGAN LIQUID TERMINALS, LLC",0.07,0
WEST TEXAS GULF PIPELINE CO,0,0.24
SUNOCO PIPELINE L.P.,0,4.5
WYOMING PIPELINE COMPANY,25,5
"PLAINS PIPELINE, L.P.",56,44
"TALLGRASS PONY EXPRESS PIPELINE, LLC",0.5,0
"KINDER MORGAN LIQUID TERMINALS, LLC",1.79,0
CENTRAL FLORIDA PIPELINE CORP,0.96,0
WYOMING PIPELINE COMPANY,0,2
"COUNTRYMARK REFINING AND LOGISTICS, LLC",40,11.5
"PLAINS PIPELINE, L.P.",0.6,0
"HOLLY ENERGY PARTNERS - OPERATING, L.P.",0,1.43
"CCPS TRANSPORTATION, LLC",1,0
ENTERPRISE CRUDE PIPELINE LLC,10,0
"EXPRESS HOLDINGS (USA), LLC",162,0
SUNOCO PIPELINE L.P.,1,0
ENTERPRISE PRODUCTS OPERATING LLC,0,0.6
DOUBLE H,139.42,5.58
CENTURION PIPELINE L.P.,300,100
ENBRIDGE PIPELINES (TOLEDO) INC,6.02,0
ENERGY TRANSFER COMPANY,0,27
ULTRAMAR INC,56,208
"ENBRIDGE ENERGY, LIMITED PARTNERSHIP",13.9,0
"ONEOK NGL PIPELINE, LLC",0,5
COLONIAL PIPELINE CO,1.9,0
SUNOCO PIPELINE L.P.,1,0
"BUCKEYE PARTNERS, LP",0.23,0
"ENBRIDGE ENERGY, LIMITED PARTNERSHIP",0.01,0
PHILLIPS 66 PIPELINE LLC,0,1.6
"BUCKEYE PARTNERS, LP",0.48,0
KINDER MORGAN CO2 CO. LP,0,17.3
TESORO LOGISTICS OPERATIONS LLC - MOUNTAIN REGION,3,0
"ENBRIDGE ENERGY, LIMITED PARTNERSHIP",0.95,0
COLONIAL PIPELINE CO,0.3,1
"BUCKEYE PARTNERS, LP",4.76,0
ENTERPRISE CRUDE PIPELINE LLC,1.5,0
ENTERPRISE PRODUCTS OPERATING LLC,4,0
SEADRIFT PIPELINE CORP,0,1.6
CENTURION PIPELINE L.P.,165,156
COLONIAL PIPELINE CO,3.3,0
DOUBLE EAGLE PIPELINE LLC,110,28.3
"KINDER MORGAN LIQUID TERMINALS, LLC",8.98,0
"BUCKEYE PARTNERS, LP",0.24,0.47
WYOMING PIPELINE COMPANY,33,2
WILLIAMS FIELD SERVICES,0,1300
WILLIAMS FIELD SERVICES,0,93.85
"PLAINS PIPELINE, L.P.",15,0
HOUSTON REFINING LP.,0.12,0
KERN OIL & REFINING CO.,5,0
ENTERPRISE PRODUCTS OPERATING LLC,0,0.6
ENTERPRISE PRODUCTS OPERATING LLC,0,3
COLONIAL PIPELINE CO,117.9,25
"ENBRIDGE ENERGY, LIMITED PARTNERSHIP",0.71,0
"PLAINS MARKETING, L.P.",0.52,0
"NUSTAR LOGISTICS, L.P.",0.21,0
WYOMING PIPELINE COMPANY,0.5,0
"NUSTAR LOGISTICS, L.P.",79.4,945.6
ENBRIDGE PIPELINES (EAST TEXAS) L.P.,0,0.1
ENBRIDGE PIPELINES (SOUTHERN LIGHTS) L.L.C.,0.24,0
COLONIAL PIPELINE CO,8.9,0
"ONEOK NGL PIPELINE, LLC",0,0.07
SUNOCO PIPELINE L.P.,1,0
MARATHON PIPE LINE LLC,0,0.1
WYOMING PIPELINE COMPANY,1,1
WYOMING PIPELINE COMPANY,0.5,0.5
KIANTONE PIPELINE CORP,0.7,0
"CHAPARRAL ENERGY, LLC",0,28
WEST COAST TERMINAL PIPELINE  (WCTP),0.74,0
"ONEOK NGL PIPELINE, LLC",0,26
ENTERPRISE CRUDE PIPELINE LLC,3.5,1.5
"PLAINS PIPELINE, L.P.",40,0
ROSE ROCK MIDSTREAM L.P.,20,0
"KINDER MORGAN LIQUID TERMINALS, LLC",0.12,0.35
ENTERPRISE CRUDE PIPELINE LLC,30,0
SUNOCO PIPELINE L.P.,0,1
ENTERPRISE CRUDE PIPELINE LLC,0.01,0
HARVEST PIPELINE COMPANY,15,0
COLONIAL PIPELINE CO,0.48,0
MARATHON PIPE LINE LLC,0.2,0
"THUNDER BASIN PIPELINE, LLC",3,0
"BUCKEYE PARTNERS, LP",8.3,0
SUNOCO PIPELINE L.P.,0,0.1
ENTERPRISE CRUDE PIPELINE LLC,1,0
MARATHON PIPE LINE LLC,6,0
SINCLAIR TRANSPORTATION COMPANY,5,0
MARATHON PIPE LINE LLC,0,75
"KINDER MORGAN LIQUID TERMINALS, LLC",180,20
RIMROCK MIDSTREAM,97,3
"MAGELLAN PIPELINE COMPANY, LP",0.13,2.26
"PLAINS PIPELINE, L.P.",2,0
MARATHON PIPE LINE LLC,22,0
HARVEST PIPELINE COMPANY,35,115
TESORO LOGISTICS OPERATIONS LLC - SOUTHERN CALIFORNIA,70,0
"SHELL PIPELINE CO., L.P.",800,100
"KINDER MORGAN LIQUID TERMINALS, LLC",0.01,0
COLONIAL PIPELINE CO,0.12,0.09
"MAGELLAN TERMINALS HOLDINGS, LP",13.21,0
CRIMSON PIPELINE L.P.,23.4,0.6
ENTERPRISE CRUDE PIPELINE LLC,0.1,0
COLONIAL PIPELINE CO,55.57,39.67
BP PIPELINE (NORTH AMERICA) INC.,5.74,0
SUNOCO PIPELINE L.P.,0,2
"BUCKEYE PARTNERS, LP",2.9,0
ENTERPRISE CRUDE PIPELINE LLC,5,0
"PLAINS PIPELINE, L.P.",3,0
"ONEOK NGL PIPELINE, LLC",0,6
COLONIAL PIPELINE CO,38.5,0.2
"PLAINS PIPELINE, L.P.",5,0
"SHELL PIPELINE CO., L.P.",0,0.39
ENTERPRISE PRODUCTS OPERATING LLC,0,20
PHILLIPS 66 PIPELINE LLC,16.5,0
WYOMING PIPELINE COMPANY,0.5,0.5
PHILLIPS 66 PIPELINE LLC,72,0
INLAND CORPORATION,0.2,0
PHILLIPS 66 PIPELINE LLC,6.25,0
"PLAINS PIPELINE, L.P.",4,0
PHILLIPS 66 PIPELINE LLC,0.38,0
ENTERPRISE PRODUCTS OPERATING LLC,0.2,0
CALNEV PIPELINE CO,0.2,0
"KOCH PIPELINE COMPANY, L.P.",1,1.38
"PLAINS PIPELINE, L.P.",0.15,0
WYOMING PIPELINE COMPANY,7.5,0.5
ENTERPRISE PRODUCTS OPERATING LLC,0,5
"PLAINS PIPELINE, L.P.",4,0
GULF STATE PIPELINE CO INC,15,0
WYOMING PIPELINE COMPANY,0.12,0
CENEX PIPELINE LLC,0.5,0
"USG WHEATLAND PIPELINE, LLC",25,2
WYOMING PIPELINE COMPANY,0,1
KINDER MORGAN WINK PIPELINE LLC ,9,8
SUNOCO PIPELINE L.P.,0.6,0
SUNOCO PIPELINE L.P.,215,0
SUNOCO PIPELINE L.P.,0,10
"KINDER MORGAN LIQUID TERMINALS, LLC",0,0.2
"KINDER MORGAN LIQUID TERMINALS, LLC",0,0.2
"NUSTAR LOGISTICS, L.P.",0.41,0
"MAGELLAN TERMINALS HOLDINGS, LP",1,0
"BUCKEYE PARTNERS, LP",12,12
"MEDALLION OPERATING COMPANY, LLC",0,2
ENTERPRISE PRODUCTS OPERATING LLC,0,0.05
EXXONMOBIL PIPELINE CO,0.89,0
COLONIAL PIPELINE CO,13.6,0
"BUCKEYE PARTNERS, LP",0.23,0
ENTERPRISE CRUDE PIPELINE LLC,100,0
ENTERPRISE PRODUCTS OPERATING LLC,0,0.5
ENTERPRISE CRUDE PIPELINE LLC,100,0
"MAGELLAN TERMINALS HOLDINGS, LP",517,5
DOUBLE EAGLE PIPELINE LLC,1.7,0
"PLAINS PIPELINE, L.P.",40,0
CITGO PIPELINE CO,1044,20
ENTERPRISE CRUDE PIPELINE LLC,0.5,0
KINDER MORGAN WINK PIPELINE LLC ,14,0
SUNOCO PIPELINE L.P.,0.5,0
ENTERPRISE CRUDE PIPELINE LLC,45,0
SUNOCO PIPELINE L.P.,2,3
"HOLLY ENERGY PARTNERS - OPERATING, L.P.",0,0.35
ENBRIDGE STORAGE (CUSHING) L.L.C.,0.29,0
WYOMING PIPELINE COMPANY,5,4
SUNOCO PIPELINE L.P.,0.36,0
WYOMING PIPELINE COMPANY,0,4
WYOMING PIPELINE COMPANY,16,4
"VITOL MIDSTREAM, LLC",5,19
CENTURION PIPELINE L.P.,60,38
COLONIAL PIPELINE CO,65.98,0
WYOMING PIPELINE COMPANY,10,10
ENTERPRISE CRUDE PIPELINE LLC,0.3,0
VALERO TERMINALING AND DISTRIBUTION COMPANY,0,24
"CHAPARRAL ENERGY, LLC",0,6
"BUCKEYE PARTNERS, LP",0.12,0
"SFPP, LP",2.4,0
ENTERPRISE PRODUCTS OPERATING LLC,0,0.2
"SHELL PIPELINE CO., L.P.",2,0
VALERO PARTNERS OPERATING CO. LLC,5,30
ENTERPRISE CRUDE PIPELINE LLC,0.01,0
"MAGELLAN PIPELINE COMPANY, LP",581,51
"ONEOK NGL PIPELINE, LLC",0,0.1
ENTERPRISE CRUDE PIPELINE LLC,0.5,0
ENTERPRISE PRODUCTS OPERATING LLC,0,0.2
ENTERPRISE PRODUCTS OPERATING LLC,0,0.2
"ENBRIDGE ENERGY, LIMITED PARTNERSHIP",0.01,0
"MAGELLAN PIPELINE COMPANY, LP",10.8,0
"FIELDWOOD ENERGY, LLC",0,0.02
ENTERPRISE CRUDE PIPELINE LLC,1.5,0
WEST TEXAS GULF PIPELINE CO,0,1
SUNOCO PIPELINE L.P.,25,5
ENTERPRISE PRODUCTS OPERATING LLC,0,0.2
"MAGELLAN PIPELINE COMPANY, LP",0.2,0
"ENERGY XXI USA, INC",5,0
ENTERPRISE PRODUCTS OPERATING LLC,0.7,0.7
COLONIAL PIPELINE CO,0.28,0
"CRIMSON GULF, LLC",0,220
"MAGELLAN TERMINALS HOLDINGS, LP",53,0.47
SUNOCO PIPELINE L.P.,1,1
SUNOCO PIPELINE L.P.,0,2
"CHAPARRAL ENERGY, LLC",0,1181
ROSE ROCK MIDSTREAM L.P.,40,0
COLONIAL PIPELINE CO,3.69,0
ENERGY TRANSFER COMPANY,1,0
VALERO PARTNERS OPERATING CO. LLC,798,0
"BKEP PIPELINE, LLC",211,14
"VITOL MIDSTREAM, LLC",15,4
"CCPS TRANSPORTATION, LLC",1.14,0
ENTERPRISE CRUDE PIPELINE LLC,1000,0
ENTERPRISE PRODUCTS OPERATING LLC,0.1,0
ENERGY TRANSFER COMPANY,0,443
"PLAINS PIPELINE, L.P.",0.75,0
CRIMSON PIPELINE L.P.,210,1
"SHELL PIPELINE CO., L.P.",4.93,0
ENTERPRISE CRUDE PIPELINE LLC,1.5,0
"PLAINS PIPELINE, L.P.",10,0
ENTERPRISE CRUDE PIPELINE LLC,0.5,0
"SHELL PIPELINE CO., L.P.",0.48,0.47
"CHAPARRAL ENERGY, LLC",0,21
"ONEOK NGL PIPELINE, LLC",0,0.02
"PLAINS PIPELINE, L.P.",2,0
"MAGELLAN PIPELINE COMPANY, LP",9.76,0
"MAGELLAN PIPELINE COMPANY, LP",2,8
SEADRIFT PIPELINE CORP,0,0.8
ENTERPRISE CRUDE PIPELINE LLC,3,0
PHILLIPS 66 PIPELINE LLC,0.24,0.35
"PLAINS PIPELINE, L.P.",1600,250
PHILLIPS 66 PIPELINE LLC,0,0.35
"MAGELLAN PIPELINE COMPANY, LP",1.8,0
PLANTATION PIPE LINE CO,1.07,0
"PLAINS MARKETING, L.P.",4,0
"PLAINS PIPELINE, L.P.",200,0
COLONIAL PIPELINE CO,19.5,2834
MID - VALLEY PIPELINE CO,10,0
"MID-CONTINENT FRACTIONATION AND STORAGE, L.L.C.",0,140
"MAGELLAN PIPELINE COMPANY, LP",10,1
COLONIAL PIPELINE CO,0.3,0.01
MARATHON PIPE LINE LLC,0,0.2
ENTERPRISE CRUDE PIPELINE LLC,2,0
ENTERPRISE CRUDE PIPELINE LLC,0.5,0
"MAGELLAN TERMINALS HOLDINGS, LP",1,0
ENTERPRISE PRODUCTS OPERATING LLC,20,149
WILLIAMS FIELD SERVICES,0,1.1
"HOLLY ENERGY PARTNERS - OPERATING, L.P.",0,0.24
IMTT-BAYONNE,200,319
EXXONMOBIL OIL CORP - WEST COAST,0.48,0
TESORO HIGH PLAINS PIPELINE COMPANY LLC,1,0
SUNOCO PIPELINE L.P.,1.4,0
JAYHAWK PIPELINE LLC,0.75,0.85
ENTERPRISE PRODUCTS OPERATING LLC,0,1
WEST SHORE PIPELINE CO,1,0
"KINDER MORGAN LIQUID TERMINALS, LLC",484,1
"ONEOK NGL PIPELINE, LLC",0,0.02
COLONIAL PIPELINE CO,2.67,0
ENTERPRISE PRODUCTS OPERATING LLC,1,0
"DELEK LOGISTICS OPERATING, LLC.",160,20
PHILLIPS 66 PIPELINE LLC,2.8,0
ENTERPRISE PRODUCTS OPERATING LLC,480,53
"GENESIS PIPELINE USA, L.P.",11,0
COLONIAL PIPELINE CO,11,0
TESORO HIGH PLAINS PIPELINE COMPANY LLC,22.1,0
ENTERPRISE PRODUCTS OPERATING LLC,0.1,0
GLASS MOUNTAIN PIPELINE,20,0
"PLAINS PIPELINE, L.P.",0.36,0
PLANTATION PIPE LINE CO,1.02,0
BP PIPELINE (NORTH AMERICA) INC.,0.59,0
COLONIAL PIPELINE CO,2.9,0.12
"NUTAAQ PIPELINE, LLC",0.01,0
"ENBRIDGE ENERGY, LIMITED PARTNERSHIP",104,0
SUNOCO PIPELINE L.P.,0.5,3.5
MID - VALLEY PIPELINE CO,1.2,0
"PLAINS PIPELINE, L.P.",300,0
WYOMING PIPELINE COMPANY,70,10
TIDELANDS OIL PRODUCTION COMPANY,0.5,0
ENTERPRISE PRODUCTS OPERATING LLC,1,0
COLONIAL PIPELINE CO,1.5,0
ENTERPRISE PRODUCTS OPERATING LLC,69,0
ENTERPRISE PRODUCTS OPERATING LLC,0,0.1
SUNOCO PIPELINE L.P.,5,15
"FRONTIER ENERGY SERVICES, L.L.C.",40,60
"JP ENERGY PERMIAN, LLC",8,0
NUSTAR PIPELINE OPERATING PARTNERSHIP L.P.,0,0.29
"ROADRUNNER PIPELINE, L.L.C.",20,14
ENBRIDGE STORAGE (CUSHING) L.L.C.,152,0
SUNOCO PIPELINE L.P.,175,20
CONSOLIDATED EDISON CO OF NY,249,0
"GENESIS PIPELINE USA, L.P.",300,30
"MAGELLAN PIPELINE COMPANY, LP",31,0
ROSE ROCK MIDSTREAM L.P.,15,0
MARATHON PIPE LINE LLC,0.5,0
"PLAINS MARKETING, L.P.",0,0
ENTERPRISE PRODUCTS OPERATING LLC,0,0.1
"KINDER MORGAN LIQUID TERMINALS, LLC",0.8,0
"BUCKEYE PARTNERS, LP",0.6,0
ENTERPRISE CRUDE PIPELINE LLC,0.2,0
ENTERPRISE CRUDE PIPELINE LLC,0.2,0
IMTT-BAYONNE,300,59
KINDER MORGAN CO2 CO. LP,0,223
"BUCKEYE PARTNERS, LP",4.12,0.64
"OHIO RIVER VALLEY PIPELINE, LLC",125,25
DIXIE PIPELINE COMPANY LLC,0,4950
IMTT-BAYONNE,0,0
IMTT-BAYONNE,0,0
ROSE ROCK MIDSTREAM L.P.,238,0
NUSTAR PIPELINE OPERATING PARTNERSHIP L.P.,0,0.27
TESORO SOCAL PIPELINE COMPANY LLC,30,0
COLONIAL PIPELINE CO,13.71,0
ENTERPRISE PRODUCTS OPERATING LLC,0,0.2
SUNOCO PIPELINE L.P.,0,0.24
"BUCKEYE PARTNERS, LP",0.23,0
ENTERPRISE PRODUCTS OPERATING LLC,0,0.2
"ONEOK NGL PIPELINE, LLC",0,4.8
"SHELL PIPELINE CO., L.P.",0.14,0
KINDER MORGAN WINK PIPELINE LLC ,0.24,0
"BUCKEYE PARTNERS, LP",0,2
NUSTAR PIPELINE OPERATING PARTNERSHIP L.P.,0,1.74
ENBRIDGE STORAGE (CUSHING) L.L.C.,0.48,0
CITGO PRODUCTS PIPELINE CO,0,0.37
"ENBRIDGE ENERGY, LIMITED PARTNERSHIP",0.21,0
BP PIPELINE (NORTH AMERICA) INC.,0.23,0
ENTERPRISE PRODUCTS OPERATING LLC,0,8.3
COLONIAL PIPELINE CO,1.5,0
"SUMMIT MIDSTREAM PARTNERS, LLC",150,0
PHILLIPS 66 PIPELINE LLC,1.34,0
"PLAINS PIPELINE, L.P.",0.64,0
"MAGELLAN PIPELINE COMPANY, LP",20,0
MARATHON PIPE LINE LLC,0.1,0
"SFPP, LP",2.19,0
ENTERPRISE PRODUCTS OPERATING LLC,10,0
"MARKWEST LIBERTY MIDSTREAM & RESOURCES, LLC",0,29
"CHAPARRAL ENERGY, LLC",0,83
"PLAINS PIPELINE, L.P.",61,0
"MAGELLAN PIPELINE COMPANY, LP",0.07,9.93
ENBRIDGE STORAGE (CUSHING) L.L.C.,2.6,0
BUTTE PIPELINE CO,5,1
DOUBLE EAGLE PIPELINE LLC,0.9,0
EXPLORER PIPELINE CO,534,426
TC OIL PIPELINE OPERATIONS INC,400,0
JAYHAWK PIPELINE LLC,0,65.3
"KINDER MORGAN LIQUID TERMINALS, LLC",0.24,0
KINDER MORGAN WINK PIPELINE LLC ,4,0
"CHAPARRAL ENERGY, LLC",0,100.1
"SHELL PIPELINE CO., L.P.",2.1,0
KINDER MORGAN CRUDE AND CONDENSATE LLC,1.4,0
HARVEST PIPELINE COMPANY,45,5
ROSE ROCK MIDSTREAM L.P.,4,0
ENTERPRISE CRUDE PIPELINE LLC,1,0
COLONIAL PIPELINE CO,5.71,8.58
MARATHON PIPE LINE LLC,0,854
PHILLIPS 66 PIPELINE LLC,18,0
"PLAINS MARKETING, L.P.",123,0
"PLAINS PIPELINE, L.P.",190,0
"REPUBLIC MIDSTREAM, LLC",4,2
ALYESKA PIPELINE SERVICE CO,0,0
"HOLLY ENERGY PARTNERS - OPERATING, L.P.",30,2
"MEDALLION OPERATING COMPANY, LLC",40,0
PHILLIPS 66 PIPELINE LLC,0.17,0
WEST TEXAS GULF PIPELINE CO,4,0
DOW PIPELINE CO - CAYUSE,0,0.7
ENERGY TRANSFER COMPANY,15,0
"ENLINK PROCESSING SERVICES, LLC",0,47.62
IMTT-BAYONNE,140,10
ROSE ROCK MIDSTREAM L.P.,4,0
ENTERPRISE CRUDE PIPELINE LLC,0.1,0
"PLAINS PIPELINE, L.P.",14,0
"MAGELLAN PIPELINE COMPANY, LP",23.5,26.5
PHILLIPS 66 PIPELINE LLC,11,80.1
ENERGY TRANSFER COMPANY,0,694
ENERGY TRANSFER COMPANY,0,63
THUMS LONG BEACH CO,2.98,0
"BUCKEYE PARTNERS, LP",0.48,0
"COUNTRYMARK REFINING AND LOGISTICS, LLC",0.6,0
"COUNTRYMARK REFINING AND LOGISTICS, LLC",2.3,0.1
KINDER MORGAN COCHIN LLC,1.48,0
"SUMMIT MIDSTREAM PARTNERS, LLC",31,0
"MAGELLAN PIPELINE COMPANY, LP",0.78,0.22
"MAGELLAN AMMONIA PIPELINE, L.P.",37.5,0
ENTERPRISE CRUDE PIPELINE LLC,0.01,0
"BUCKEYE PARTNERS, LP",0.6,0
KINDER MORGAN CO2 CO. LP,0,70
"SHELL PIPELINE CO., L.P.",5.8,0
IMTT-BAYONNE,0,2
PHILLIPS 66 PIPELINE LLC,3.61,0
"MAGELLAN PIPELINE COMPANY, LP",10,0
"KOCH PIPELINE COMPANY, L.P.",5,0
"MAGELLAN TERMINALS HOLDINGS, LP",38,0
"KINDER MORGAN LIQUID TERMINALS, LLC",0,0.14
ENTERPRISE CRUDE PIPELINE LLC,0.1,0
"SHELL PIPELINE CO., L.P.",400,100
ENTERPRISE PRODUCTS OPERATING LLC,0,0.1
ENTERPRISE CRUDE PIPELINE LLC,0.2,0
"CHAPARRAL ENERGY, LLC",0,24
"ONEOK NGL PIPELINE, LLC",0,0.16
TESORO HIGH PLAINS PIPELINE COMPANY LLC,0,0
DIXIE PIPELINE COMPANY LLC,0,0.2
"PLAINS PIPELINE, L.P.",20,0
ENTERPRISE CRUDE PIPELINE LLC,25,0
NUSTAR PIPELINE OPERATING PARTNERSHIP L.P.,0.36,0
"ONEOK NGL PIPELINE, LLC",0,0.02
SUNOCO PIPELINE L.P.,0,9.1
"KINDER MORGAN LIQUID TERMINALS, LLC",18,6
TESORO SOCAL PIPELINE COMPANY LLC,15,0
"SHELL PIPELINE CO., L.P.",15,0
MID - VALLEY PIPELINE CO,2,0
"MAGELLAN PIPELINE COMPANY, LP",25,0
KINDER MORGAN WINK PIPELINE LLC ,0,0.29
WEST SHORE PIPELINE CO,0.48,0
EXXONMOBIL PIPELINE CO,0,1.97
"KINDER MORGAN LIQUID TERMINALS, LLC",0.35,0
WOLVERINE PIPELINE CO,280,0
WEST TEXAS GULF PIPELINE CO,195,5
ENTERPRISE CRUDE PIPELINE LLC,0.2,0
SUNOCO PIPELINE L.P.,0,1
MARATHON PIPE LINE LLC,0.5,0
JAYHAWK PIPELINE LLC,365,105.8
"MAGELLAN PIPELINE COMPANY, LP",0.7,0.01
"PLAINS PIPELINE, L.P.",0.48,0
"FRONT RANGE PIPELINE, LLC.",8,2
"MAGELLAN PIPELINE COMPANY, LP",58,2
EXXONMOBIL OIL CORP - WEST COAST,0.12,0
SUNOCO PIPELINE L.P.,0.33,0
HARVEST PIPELINE COMPANY,1,1
CAMINO REAL GATHERING CO LLC,4.4,0
"PLAINS PIPELINE, L.P.",173,0
ENTERPRISE CRUDE PIPELINE LLC,0.01,0
"PLAINS PIPELINE, L.P.",15,0
"VITOL MIDSTREAM, LLC",0.5,3.7
TESORO HIGH PLAINS PIPELINE COMPANY LLC,0.12,0
"KURARAY AMERICA, INC. ",0.11,0
"PLAINS MARKETING, L.P.",1,0
"ONEOK NGL PIPELINE, LLC",0,0.71
CRIMSON PIPELINE L.P.,700,375
COLONIAL PIPELINE CO,0.2,0
NUSTAR PIPELINE OPERATING PARTNERSHIP L.P.,0,10
ENTERPRISE PRODUCTS OPERATING LLC,0,0.1
ENTERPRISE PRODUCTS OPERATING LLC,0,0.1
EXXONMOBIL PIPELINE CO,121,9
KINDER MORGAN WINK PIPELINE LLC ,222,0
SUNOCO PIPELINE L.P.,0.25,0
"VITOL MIDSTREAM, LLC",1,2
ENTERPRISE CRUDE PIPELINE LLC,1,0
PLANTATION PIPE LINE CO,11.93,0.12
BHP BILLITON PETROLEUM (EAGLE FORD GATHERING) LLC,0,5.6
"DELEK CRUDE LOGISTICS, LLC.",13.21,0
WILLIAMS FIELD SERVICES,0,2.28
DCP MIDSTREAM,0,81.4
"MAGELLAN PIPELINE COMPANY, LP",1.19,0
"SHELL PIPELINE CO., L.P.",0,16.91
"PLAINS PIPELINE, L.P.",300,0
EXXONMOBIL PIPELINE CO,0,90
MARATHON PIPE LINE LLC,0,1.1
SEADRIFT PIPELINE CORP,0,0.38
SUNOCO PIPELINE L.P.,0,0.5
PLANTATION PIPE LINE CO,9.6,0
"BUCKEYE PARTNERS, LP",4.76,0
SUNOCO PIPELINE L.P.,40,10
ENTERPRISE PRODUCTS OPERATING LLC,2,0
"NUSTAR LOGISTICS, L.P.",0.88,0
SUNOCO PIPELINE L.P.,0.12,0
"MEDALLION OPERATING COMPANY, LLC",0,1
HAWAII INDEPENDENT ENERGY,12,2
MARATHON PIPE LINE LLC,0.2,0
"PLAINS PIPELINE, L.P.",1,0
TESORO SOCAL PIPELINE COMPANY LLC,3,0
ENTERPRISE PRODUCTS OPERATING LLC,0,5.9
"PLAINS PIPELINE, L.P.",10,0
"BUCKEYE DEVELOPMENT & LOGISTICS, LLC",0,2
"MAGELLAN AMMONIA PIPELINE, L.P.",0,25
ENTERPRISE CRUDE PIPELINE LLC,4,0
"PLAINS MARKETING, L.P.",0.36,0
MARATHON PIPE LINE LLC,0,4.87
EXXONMOBIL PIPELINE CO,0.28,0
ENERGY TRANSFER COMPANY,6,4
"ITC PIPELINE COMPANY, LLC",0,0.18
SUNOCO PIPELINE L.P.,0.36,0
ENTERPRISE CRUDE PIPELINE LLC,1,0
WEST TEXAS GULF PIPELINE CO,500,200
"PLAINS PIPELINE, L.P.",250,0
MID - VALLEY PIPELINE CO,2,0
DCP MIDSTREAM,0,203
ENTERPRISE CRUDE PIPELINE LLC,0.6,0
"EQUISTAR CHEMICALS, L.P.",0,6.15
"CRIMSON GULF, LLC",3.5,0.5
TESORO SOCAL PIPELINE COMPANY LLC,295,0
DCP MIDSTREAM,0,17
COLONIAL PIPELINE CO,47.8,4.4
"HOLLY ENERGY PARTNERS - OPERATING, L.P.",10,0
ENTERPRISE PRODUCTS OPERATING LLC,0,56
COLONIAL PIPELINE CO,0.24,0
COLONIAL PIPELINE CO,70.8,1
TORRANCE VALLEY PIPELINE COMPANY LLC,50.24,0
WEST COAST TERMINAL PIPELINE  (WCTP),0.69,0
PHILLIPS 66 PIPELINE LLC,0,0.7
COLONIAL PIPELINE CO,15,0
DIXIE PIPELINE COMPANY LLC,0,6.91
MOBIL  PIPE  LINE COMPANY,0,4.4
SUNOCO PIPELINE L.P.,0,5
"DELEK LOGISTICS OPERATING, LLC.",18,2
"SFPP, LP",0.9,0.89
PLANTATION PIPE LINE CO,0.69,0
PHILLIPS 66 PIPELINE LLC,0,0
IMTT-BAYONNE,0,0.05
COLONIAL PIPELINE CO,0.24,0
ENTERPRISE PRODUCTS OPERATING LLC,0,0.1
ENTERPRISE CRUDE PIPELINE LLC,0.8,0
NGL CRUDE TERMINALS,3,0
"MAGELLAN PIPELINE COMPANY, LP",0.47,0
TRANSMONTAIGNE OPERATING COMPANY L.P.,45,0
"PLAINS PIPELINE, L.P.",4,0
"KINDER MORGAN LIQUID TERMINALS, LLC",2.5,0
"MAGELLAN PIPELINE COMPANY, LP",0.2,0
HARVEST PIPELINE COMPANY,0,3
"ONEOK NGL PIPELINE, LLC",0,7.2
DCP MIDSTREAM,0,2.48
HARVEST PIPELINE COMPANY,160,0
"PLAINS PIPELINE, L.P.",20,0
"KINDER MORGAN LIQUID TERMINALS, LLC",16,0
"BUCKEYE DEVELOPMENT & LOGISTICS, LLC",0.03,0
ENTERPRISE CRUDE PIPELINE LLC,19,0
"KINDER MORGAN LIQUID TERMINALS, LLC",0,0.02
SUNOCO PIPELINE L.P.,3,0
ENTERPRISE CRUDE PIPELINE LLC,60,0
COLONIAL PIPELINE CO,2111,5259
SUNOCO PIPELINE L.P.,1560,7040
"TEXSTAR MIDSTREAM LOGISTICS, LP",18,150
"WESTERN REFINING PIPELINE, LLC",4.5,0
"HILAND CRUDE, LLC",4,0
KINDER MORGAN CO2 CO. LP,0,0.7
"BUCKEYE PARTNERS, LP",0,0.4
BP PIPELINE (NORTH AMERICA) INC.,22,0
COLONIAL PIPELINE CO,0.6,0
EXPLORER PIPELINE CO,1.07,0
"BUCKEYE PARTNERS, LP",1,0
SUNOCO PIPELINE L.P.,0.24,0
"CHAPARRAL ENERGY, LLC",0,1208
"MAGELLAN AMMONIA PIPELINE, L.P.",4.9,0.1
"BUCKEYE PARTNERS, LP",2,0.38
"PLAINS PIPELINE, L.P.",5,0
ENTERPRISE PRODUCTS OPERATING LLC,0,0.5
ENTERPRISE CRUDE PIPELINE LLC,4,0
EXPLORER PIPELINE CO,0.31,0
"MAGELLAN PIPELINE COMPANY, LP",0.2,0
"MAGELLAN PIPELINE COMPANY, LP",4.1,0.9
"VITOL MIDSTREAM, LLC",0,6.3
"MAGELLAN CRUDE OIL PIPELINE COMPANY, L.P.",5,0
"BUCKEYE PARTNERS, LP",1.19,0
PLANTATION PIPE LINE CO,1.05,0
EXPLORER PIPELINE CO,10.71,0
"BUCKEYE PARTNERS, LP",0.5,0
ENERGY TRANSFER COMPANY,8,3.5
ENTERPRISE CRUDE PIPELINE LLC,0.01,0
COLONIAL PIPELINE CO,0.12,1.38
DCP MIDSTREAM,0,0.12
CITGO PRODUCTS PIPELINE CO,0,0
COLONIAL PIPELINE CO,2,5.9
ENTERPRISE CRUDE PIPELINE LLC,0.3,0
"BUCKEYE PARTNERS, LP",0.6,0
"PLAINS PIPELINE, L.P.",575,0
WILLIAMS FIELD SERVICES,0,1.58
"COFFEYVILLE RESOURCES CRUDE TRANSPORTATION, LLC",6,0
WYOMING PIPELINE COMPANY,1.5,0.5
DCP MIDSTREAM,0,0
ENTERPRISE CRUDE PIPELINE LLC,1,0
PLANTATION PIPE LINE CO,0.86,0
"MAGELLAN AMMONIA PIPELINE, L.P.",1064,1523
INLAND CORPORATION,40,0
"NUSTAR LOGISTICS, L.P.",1,2.48
ENTERPRISE PRODUCTS OPERATING LLC,0,649
"ENBRIDGE ENERGY, LIMITED PARTNERSHIP",0.15,0
SUNOCO PIPELINE L.P.,0,1238
ENTERPRISE CRUDE PIPELINE LLC,7327,276
JAYHAWK PIPELINE LLC,1.2,0
"MAGELLAN PIPELINE COMPANY, LP",0.71,0
MARATHON PIPE LINE LLC,0.2,0
SUNOCO PIPELINE L.P.,0.28,0.09
"WHITE CLIFFS PIPELINE, LLC",1687,35
PHILLIPS 66 PIPELINE LLC,2.82,0
COLONIAL PIPELINE CO,0,4444.5
HARVEST PIPELINE COMPANY,2,0
KINDER MORGAN WINK PIPELINE LLC ,1.5,0
EXXONMOBIL PIPELINE CO,0,0.14
"MAGELLAN TERMINALS HOLDINGS, LP",0.02,0
OLYMPIC PIPE LINE COMPANY,0.27,0
TESORO LOGISTICS NORTHWEST PIPELINE LLC,0,0.71
"BUCKEYE PARTNERS, LP",0.05,0
"PLAINS PIPELINE, L.P.",2,0
ENTERPRISE CRUDE PIPELINE LLC,0.5,0
"MAGELLAN CRUDE OIL PIPELINE COMPANY, L.P.",4,0
ENTERPRISE CRUDE PIPELINE LLC,0.2,0
ENTERPRISE PRODUCTS OPERATING LLC,0,1820
"KINDER MORGAN LIQUID TERMINALS, LLC",7,0
EXPLORER PIPELINE CO,569.81,86.96
MARATHON PIPE LINE LLC,3,0
ENTERPRISE PRODUCTS OPERATING LLC,0,0.1
"SFPP, LP",1.4,0
JAYHAWK PIPELINE LLC,41,31
"ONEOK NGL PIPELINE, LLC",0,4.2
IMTT-BAYONNE,0,5
NUSTAR PIPELINE OPERATING PARTNERSHIP L.P.,0.3,0.1
"BUCKEYE PARTNERS, LP",5,0
KINDER MORGAN CO2 CO. LP,0,0.38
"PLAINS PIPELINE, L.P.",25,0
PHILLIPS 66 PIPELINE LLC,0.13,0
DCP MIDSTREAM,0,1.98
"PLAINS PIPELINE, L.P.",20,0
ENTERPRISE PRODUCTS OPERATING LLC,0,5000
COLONIAL PIPELINE CO,5,0.1
ENTERPRISE PRODUCTS OPERATING LLC,0.1,0.1
HARVEST PIPELINE COMPANY,0,0.24
EXXONMOBIL PIPELINE CO,500,0
ENTERPRISE PRODUCTS OPERATING LLC,0,0.4
WYOMING PIPELINE COMPANY,190,1
MARATHON PIPE LINE LLC,0.1,0
BELLE FOURCHE PIPELINE CO,2798,1402
SUNOCO PIPELINE L.P.,0.22,0
DIXIE PIPELINE COMPANY LLC,0,33
ENTERPRISE PRODUCTS OPERATING LLC,25,9.1
PHILLIPS 66 COMPANY - SWEENY REFINERY,11.4,0
"HOLLY ENERGY PARTNERS - OPERATING, L.P.",0,15
"MAGELLAN PIPELINE COMPANY, LP",5,0
"ONEOK NGL PIPELINE, LLC",0,2.1
"ONEOK NGL PIPELINE, LLC",0,4.16
PLANTATION PIPE LINE CO,0,0
CENTURION PIPELINE L.P.,25,35
ENTERPRISE CRUDE PIPELINE LLC,2,0
"BUCKEYE PARTNERS, LP",105,45
"KINDER MORGAN LIQUID TERMINALS, LLC",1.19,0
PHILLIPS 66 PIPELINE LLC,0.22,0
"MEDALLION OPERATING COMPANY, LLC",0,30
SUNOCO PIPELINE L.P.,5,0
MID - VALLEY PIPELINE CO,0.12,0
SUNOCO PIPELINE L.P.,75,0
MARATHON PIPE LINE LLC,1.7,0
"CCPS TRANSPORTATION, LLC",12.5,0
ENTERPRISE CRUDE PIPELINE LLC,3,0
PHILLIPS 66 PIPELINE LLC,202,0
"HOLLY ENERGY PARTNERS - OPERATING, L.P.",2,1
TC OIL PIPELINE OPERATIONS INC,0.25,0
EXXONMOBIL PIPELINE CO,0,580
ENBRIDGE STORAGE (CUSHING) L.L.C.,1,0
MARATHON PIPE LINE LLC,0.2,0
ENTERPRISE CRUDE PIPELINE LLC,4,0